voice_id	bucket	eligible	score	rank_in_bucket	wpm	voiced_ratio	spread_ratio	lufs_err_db	eq	median_f0_hz
4	female	1	2.43081076161426	25	214.674328039096	0.786428195686481	1.53749997765677	2.3	off	216.176467895508
5	male	0	-2.11373626147171	-1	221.857244318182	0.69945652173913	1.74600201748726	3.7	off	103.037384033203
6	male	1	1.57994129420266	72	200.927315608919	0.78001968503937	5.17777779211004	3.7	off	118.548385620117
7	male	1	-2.14020081047917	263	196.875	0.72854387656702	5.8181816893424	4.7	off	108.088233947754
8	male	0	-0.32997772629278	-1	222.418908227848	0.771117166212534	5.00048731035961	3.9	off	112.5
9	female	0	-1.21202183970041	-1	236.012004701142	0.813186813186813	2.35999995427207	5.0	off	225.0
10	female	0	-0.939437649188011	-1	229.387646866841	0.770657672849916	2.37037042942177	3.3	off	193.421051025391
11	female	0	-1.74261903452818	-1	246.611842105263	0.759516616314199	1.56470592891291	3.8	off	195.132736206055
12	female	1	-1.28801077772034	219	204.910714285714	0.748493975903614	1.66666666666667	4.7	off	204.16667175293
13	female	0	0.631699656546182	-1	234.750751503006	0.814729574223245	1.43956038676247	5.9	off	185.29411315918
14	female	1	-1.64929009589625	232	214.936926605505	0.758820431806214	1.51898733126063	4.8	off	222.727279663086
15	female	1	2.62717091492983	17	203.369140625	0.849526656701545	2.02264065433074	5.8	off	227.319580078125
16	male	0	0.689124480924226	-1	231.350806451613	0.768707482993197	1.86875381874995	4.3	off	115.445022583008
17	ambiguous	1	0.555406723055348	42	200.583261986301	0.745945945945946	1.47222226195505	3.4	off	167.045455932617
18	female	1	0.998581690847326	78	213.370901639344	0.787245164662833	1.60256423786066	3.7	off	222.727279663086
19	male	0	0.947295496330966	-1	248.179290254237	0.791970802919708	2.1950676812066	3.3	off	131.25
20	female	1	-0.0968939437667122	149	189.547936893204	0.780408542246982	2.47826095874406	4.1	off	229.6875
21	male	0	-0.568983601534746	-1	235.222138554217	0.69164265129683	2.5625852111678	0.5	off	115.445022583008
22	male	1	-1.8697913528109	260	218.954439252336	0.734442060085837	5.91489372344337	1.8	off	94.6351928710938
23	female	1	1.40170731317635	62	203.959300638421	0.8055972013993	1.45783141306957	5.6	off	216.176467895508
24	male	1	0.299494388131635	168	201.042262585812	0.735598227474151	1.76859497400875	4.3	off	133.636367797852
25	ambiguous	0	-3.25519651379469	-1	231.350806451613	0.726190476190476	3.1304348692602	2.6	off	176.399993896484
26	ambiguous	1	-2.99916318515909	109	198.431324110672	0.729703451628585	2.78125001539719	4.9	off	158.633087158203
27	male	0	0.832034924773598	-1	223.266756670902	0.797592997811816	5.82608685976089	2.8	off	108.088233947754
28	male	0	-0.709537285698897	-1	229.23801369863	0.751123595505618	1.72897202184176	3.4	off	147.986572265625
29	female	1	-2.23323004606389	246	215.068466952264	0.779241306638567	1.50000007888898	6.1	off	245.0
30	female	0	-0.99810256416041	-1	221.020047169811	0.756903086085544	1.4235295033785	4.1	off	212.019226074219
31	male	0	-2.82981183288798	-1	236.807193396226	0.739988392338944	5.93333354889401	2.3	off	95.8695678710938
32	male	0	0.411828523792249	-1	223.550811068702	0.760679079956188	4.14998309299843	2.5	off	130.473373413086
33	ambiguous	1	0.739222057485052	37	193.620867768595	0.772296015180266	3.3177467501721	2.8	off	179.268295288086
34	male	1	0.263721470465887	170	207.573464264619	0.710726995424504	1.80147060818142	3.0	off	114.24870300293
35	male	0	-2.09766569547252	-1	248.530321782178	0.750304506699147	1.9923095703125	4.3	off	141.346160888672
36	male	0	-5.18866128350198	-1	243.704490291262	0.692353643966547	6.14417195215495	1.9	off	94.2307662963867
37	ambiguous	1	-1.93129682562837	103	215.596242331288	0.756471209720021	2.46133958795793	4.8	off	177.82258605957
38	female	0	-2.42439230505611	-1	236.48847577389	0.731749710312862	1.44943815811415	3.6	off	193.421051025391
39	ambiguous	0	-2.32507347402478	-1	225.704479768786	0.759955752212389	2.61111114905625	4.7	off	179.268295288086
40	female	1	2.76496891120017	14	196.10595703125	0.800192122958694	1.66249999194675	4.2	off	205.120727539063
41	ambiguous	0	-0.559368016575348	-1	221.577474779319	0.751900108577633	1.60377358490566	3.7	off	167.045455932617
42	male	0	-3.78997042323442	-1	218.274456521739	0.664171122994652	4.19176664806548	3.0	off	128.947372436523
43	male	0	-2.00140307704403	-1	221.577474779319	0.700325732899023	3.1927710710808	2.1	off	98.4375
44	male	1	2.46337736900462	34	193.407746285085	0.798199905258172	4.2379053151896	4.5	off	125.284088134766
45	ambiguous	1	0.272150185790608	51	200.697815533981	0.728121927236971	1.68181820975017	2.3	off	183.75
46	female	1	2.58713488123621	18	203.48689924725	0.824027916251246	1.54417206007807	6.0	off	198.648651123047
47	female	1	-1.70279776884034	234	213.89036822885	0.7479035639413	2.43329941997519	3.3	off	198.648651123047
48	male	1	0.478152463253012	157	203.722826086957	0.773453093812375	5.08858597387253	3.9	off	109.158416748047
49	male	1	-1.07457303293815	233	179.755434782609	0.701012769704976	5.32172785129677	3.5	off	127.456649780273
50	male	1	-3.09721560704323	272	218.003644540943	0.728632478632479	6.15225497641376	3.3	off	97.1365661621094
51	male	0	1.07920708062877	-1	221.159140969163	0.794149512459372	5.73253488519664	2.9	off	113.076919555664
52	male	0	-1.67487459052321	-1	222.278225806452	0.695533769063181	4.47715135087006	1.2	off	108.62068939209
53	male	1	1.62394147927112	69	218.274456521739	0.76524064171123	1.7619047399582	3.6	off	126.724136352539
54	female	1	-3.33935421556053	263	213.370901639344	0.754835337166754	1.8151225644647	4.8	off	256.395355224609
55	male	1	0.764986061791562	138	213.76026459854	0.778010471204189	3.98148171843035	4.5	off	123.876403808594
56	ambiguous	1	3.40477080773676	5	168.305495689655	0.757213520197857	1.50515451418567	2.6	off	176.399993896484
57	female	0	-0.38432729803494	-1	226.285817772054	0.784922394678492	1.47435900700758	4.1	off	234.574462890625
58	male	1	2.33267255009066	37	212.4678808948	0.823529411764706	3.58928572173716	5.1	off	128.197677612305
59	female	1	1.6782424833922	52	190.782776872964	0.768691588785047	1.77108439127604	3.7	off	196.875
60	female	1	0.17758909770929	133	187.525013340448	0.809370693615067	1.98113214401972	5.9	off	256.395355224609
61	female	0	-2.77180003193872	-1	221.99739418825	0.753126699293094	1.58441567651564	5.1	off	222.727279663086
62	female	1	-0.344050846739587	165	217.464031559406	0.759190197123069	1.94117647596148	3.3	off	196.875
63	female	0	1.48361814260837	-1	229.088575619296	0.78956228956229	1.59302336274538	3.3	off	185.29411315918
64	ambiguous	1	-0.464148095240682	69	187.625133475707	0.741268382352941	1.58241759008291	4.9	off	180.737701416016
65	female	1	2.5390501174944	21	201.503368692661	0.790227048371175	1.51851853428094	3.6	off	208.01887512207
66	female	1	0.0117682729934078	143	178.38673857868	0.742682394058541	1.6875000525494	4.5	off	204.16667175293
67	male	1	-1.29828297487666	242	208.558976261128	0.722023505365355	2.05714280589468	3.7	off	147.986572265625
68	female	1	3.02356719870075	7	189.038125336202	0.801388888888889	1.51898733126063	4.1	off	222.727279663086
69	female	1	0.451449824642897	117	192.454476998905	0.774163130598774	1.97766528518852	4.5	off	210.0
70	male	0	1.18204266274933	-1	165.99994095418	0.692682926829268	4.70212744807015	1.5	off	124.576271057129
71	male	0	0.86105328856932	-1	220.46541718946	0.772015126958401	1.60483870579045	4.6	off	132.035934448242
72	male	1	1.54861515352768	75	214.412370347773	0.800945378151261	4.46326280335064	4.2	off	126.0
73	female	1	0.772631014368812	91	200.927315608919	0.781003937007874	1.42500001183335	4.5	off	227.319580078125
74	female	1	2.01878382776109	35	190.67925935974	0.80429705744979	2.59999996401555	3.8	off	208.01887512207
75	female	1	-0.921348701999051	199	205.269786799065	0.742584213172448	1.56134373466228	4.5	off	188.461532592773
76	female	1	-0.701880158745556	190	188.026685393258	0.751266697374482	1.59493669782366	5.1	off	214.077667236328
77	female	1	-0.544433321405181	178	205.03026546091	0.73631341034656	1.66666666666667	3.4	off	193.421051025391
78	male	0	-1.04432791922926	-1	235.695422535211	0.73367995378394	1.76525398426164	2.8	off	142.258071899414
79	female	1	0.259764979944003	129	211.064189189189	0.789038262668046	2.14516134524797	4.8	off	193.421051025391
80	ambiguous	1	-0.463939849006565	68	218.954439252336	0.751072961373391	1.74268998692612	3.5	off	177.82258605957
81	male	1	1.43937775558545	85	208.311721991701	0.771428571428571	2.81804919623313	3.7	off	132.035934448242
82	ambiguous	1	3.65074192070018	4	174.836753731343	0.824839400428266	3.42239206372536	3.7	off	162.132354736328
83	female	0	1.73059146087239	-1	245.064069037657	0.813213213213213	1.45882353546887	3.4	off	208.01887512207
84	ambiguous	0	0.833418314386863	-1	222.278225806452	0.806100217864924	3.16949164495942	3.4	off	162.132354736328
85	female	1	2.57812946480068	19	185.446899736148	0.791553133514986	1.63291134042559	4.1	off	218.316833496094
86	male	1	-1.73982864043601	255	216.392780172414	0.731177094379639	5.55847870134672	3.5	off	113.076919555664
87	ambiguous	0	0.184675938497519	-1	236.807193396226	0.786419036564132	1.5	4.3	off	176.399993896484
88	male	0	-0.560245550703248	-1	223.978250478011	0.778265642151482	1.98478799071712	4.7	off	152.068969726563
89	male	1	0.690263122712537	145	197.317167321729	0.752054132431126	3.02739734197838	4.0	off	134.451217651367
90	male	1	-1.16654446113179	238	204.43390052356	0.724586880320481	5.79545438703963	2.3	off	105.502395629883
91	female	1	1.08433770002383	77	178.658807829181	0.767177242888403	1.432098761468	4.7	off	225.0
92	male	0	-0.0119212945622287	-1	238.737686820652	0.7489760093622	3.88888898577009	1.6	off	128.947372436523
93	female	1	3.24303281066381	4	213.500531591738	0.826359832635983	1.71470648022802	4.2	off	206.074768066406
94	female	1	-1.0577353573286	209	189.650229357798	0.725963771481653	1.75	3.0	off	225.0
95	female	1	0.817501099781808	88	205.8710456942	0.798285426122037	1.72857148000744	5.2	off	214.077667236328
96	ambiguous	1	0.469395439366837	44	202.199007479862	0.763744427934621	1.5842696377058	4.4	off	180.737701416016
97	male	0	-0.134274797837979	-1	225.126121076233	0.760066188637617	5.44680839002268	2.1	off	109.158416748047
98	ambiguous	1	-1.56156852989897	100	198.31934255079	0.73712342079689	2.55320410776934	4.0	off	177.82258605957
99	female	1	0.734339531281561	95	194.585755813953	0.745948522402288	1.49999995432743	3.6	off	193.421051025391
100	female	1	1.34926064279644	67	218.410114978247	0.829855537720706	2.39130443056624	3.9	off	237.096771240234
101	female	1	-2.63630991225273	253	215.33203125	0.757383966244726	1.85937504503462	5.3	off	218.316833496094
102	male	0	-0.0787951036363339	-1	226.431620489691	0.778024417314095	3.73876793914437	3.5	off	140.445861816406
103	female	1	-0.721305825838708	192	190.782776872964	0.78411214953271	2.73913051060268	5.1	off	212.019226074219
104	male	0	0.0496925088298765	-1	220.881128221245	0.751623376623377	5.12499992552258	2.7	off	118.548385620117
105	male	0	-3.74288259662886	-1	229.537475506205	0.691226096737908	4.86806335034014	3.1	off	109.158416748047
106	male	1	2.97526937815168	21	189.241720516963	0.814557255447381	4.58139553747392	4.3	off	131.25
107	female	1	-1.33177731105722	221	213.112113402062	0.762402088772846	1.67532469851146	4.7	off	217.246643066406
108	female	1	1.68857481556338	51	200.240384615385	0.82834722903384	1.58441567651564	6.9	off	214.077667236328
109	female	1	-2.25149924339161	248	214.1510511883	0.738195173137461	1.60465120942886	4.8	off	198.648651123047
110	male	0	0.738234764371981	-1	222.842025998732	0.779475982532751	2.86306613658788	4.1	off	132.035934448242
111	ambiguous	1	-0.0964309354066454	60	218.954439252336	0.755364806866953	1.55194786842621	3.6	off	168.320617675781
112	female	1	0.299423655013811	125	204.791302447552	0.77019568489714	1.68235303664109	4.7	off	185.29411315918
113	male	0	-1.86152798072514	-1	221.020047169811	0.720628045479155	5.90909069645555	1.4	off	101.612899780273
114	male	0	-1.741760244159	-1	243.366949445983	0.769230769230769	2.44052802678073	5.5	off	135.693603515625
115	female	1	0.348284286688183	123	207.328539823009	0.791264601320467	1.40740745415643	5.3	off	227.319580078125
116	male	1	2.66892543181873	26	183.414339770355	0.731805929919138	3.05404036773232	1.9	off	116.666664123535
117	male	0	0.324405216878029	-1	223.693109484405	0.736438356164384	4.25423752954103	1.5	off	114.84375
118	female	1	0.362166581821319	121	204.67202970297	0.746740220661986	1.74820729085192	2.9	off	195.132736206055
119	ambiguous	1	-0.591757327875287	76	210.684577338129	0.74083634486319	1.57272723245867	3.7	off	164.55224609375
120	female	1	-1.24248337410635	217	214.936926605505	0.795155344918378	2.76595734727707	5.5	off	186.864410400391
121	male	0	-0.956544100542657	-1	229.837720732505	0.733108108108108	3.5	3.3	off	124.576271057129
122	female	1	-0.954414366017735	200	186.134467690678	0.79343365253078	2.65957450121318	6.3	off	216.176467895508
123	male	1	1.69665669743707	65	189.650229357798	0.741755689735253	1.92381363266333	4.1	off	114.24870300293
124	male	0	-1.65573380389499	-1	244.382388734353	0.75688622754491	4.87755099678101	3.6	off	114.84375
125	female	1	-1.22478875024986	215	191.094004893964	0.75374531835206	2.93333330897463	3.8	off	195.132736206055
126	ambiguous	0	0.802010211620034	-1	228.790283203125	0.791479820627803	2.21739132276127	3.4	off	170.930236816406
127	female	1	-0.8666383927976	198	215.728591160221	0.752642706131078	1.42528729517055	4.4	off	200.454544067383
128	female	1	1.94702279335913	38	215.596242331288	0.800845219228737	1.45882353546887	4.2	off	208.01887512207
129	female	1	0.262029417016776	128	219.090944513716	0.799248523886205	2.69445636656086	3.9	off	185.29411315918
130	ambiguous	0	-0.228743884715627	-1	235.85360738255	0.784971098265896	2.57787537266867	3.3	off	176.399993896484
131	female	1	1.5617682766283	56	198.095758173619	0.790878214459001	1.8107130011981	4.8	off	196.875
132	male	1	-3.68234198984609	273	218.681938394524	0.736334405144695	6.32558148289597	4.0	off	92.2594146728516
133	female	1	-0.303087798506188	160	184.279955427373	0.738718411552347	1.38043488004652	5.1	off	195.132736206055
134	male	1	0.22979037482203	171	198.993134201586	0.744514870794734	4.14000011602908	3.7	off	128.947372436523
135	male	0	-2.04302646105061	-1	233.038378647215	0.744146202170188	4.74074085884354	3.3	off	103.521125793457
136	male	1	1.89413496669671	53	198.768028846154	0.78919182083739	4.8518517712713	3.4	off	109.158416748047
137	male	0	-5.4468205658981	-1	231.046597633136	0.686862967157418	5.99610531632564	2.5	off	88.9112930297852
138	female	1	0.157526847133046	134	214.281631097561	0.805774278215223	2.66666666666667	4.0	off	218.316833496094
139	male	1	3.11386429423398	19	218.274456521739	0.8475935828877	5.24444434282683	4.0	off	114.24870300293
140	female	1	-0.214434950092774	154	189.752632289417	0.769516728624535	1.8196519267768	4.8	off	227.319580078125
141	female	1	0.320850297965919	124	208.682823634204	0.778118609406953	1.50617290621238	4.4	off	220.5
142	female	0	-3.22418198494502	-1	224.694293478261	0.745044052863436	2.59183684589542	3.7	off	202.293579101563
143	ambiguous	1	1.89685538683614	18	163.072795823666	0.763178913738019	1.54838707748724	5.0	off	179.268295288086
144	female	1	0.574444701777446	108	213.370901639344	0.775222164140094	1.68674703931052	4.1	off	196.875
145	male	1	3.709045217029	9	176.593907035176	0.77378892733564	1.82365088058042	3.9	off	129.70588684082
146	male	0	1.96907835665394	-1	256.512317518248	0.809553739786298	1.56939565998438	3.2	off	126.724136352539
147	female	1	-1.62465531256282	229	201.503368692661	0.732971372161895	1.51851853428094	4.1	off	216.176467895508
148	female	1	-0.0841763527307628	148	218.138966480447	0.788348476750401	1.43037978939835	4.6	off	234.574462890625
149	female	1	-1.33530707781503	222	210.558343319353	0.747292418772563	1.45783141306957	4.5	off	210.0
150	female	1	-0.27893522560504	157	195.451543381535	0.768310196266156	2.03389834449405	3.5	off	242.307693481445
151	male	1	3.66067459264069	11	204.43390052356	0.801702553830746	4.58139553747392	1.2	off	133.636367797852
152	male	1	1.96835797501828	51	196.875	0.822565091610415	4.45454535590278	4.8	off	142.258071899414
153	female	1	0.0818238199960107	139	213.500531591738	0.77510460251046	1.6463414918967	4.9	off	188.461532592773
154	female	1	2.51949464435065	23	199.78503411029	0.793930494371023	1.54579659396429	4.5	off	191.739135742188
155	male	1	2.17387261879263	43	206.354594832648	0.806370070778564	1.48333334154517	4.4	off	150.0
156	male	1	0.9521902784162	123	210.432260479042	0.758762886597938	5.50000004186652	1.8	off	112.5
157	female	1	0.120452165509664	137	193.195093457944	0.79271178419309	2.50023402622768	5.5	off	198.648651123047
158	ambiguous	1	0.224165634983023	54	217.598684210526	0.797441364605544	3.49019605427892	3.4	off	162.132354736328
159	male	0	0.503454302072002	-1	229.6875	0.795160382667417	5.74999975926752	2.8	off	109.158416748047
160	ambiguous	1	-1.01887044982206	88	196.875	0.722757955641273	2.12396683673469	3.1	off	179.268295288086
161	female	1	1.53834262847995	57	177.845078441296	0.764808362369338	1.59259259259259	4.3	off	210.0
162	female	1	-0.181902215135776	153	200.354546750285	0.780667320902846	2.28571428571429	3.8	off	232.105270385742
163	male	1	-0.547452851538134	209	193.727604740904	0.728523967726626	2.53080323203605	4.5	off	139.55696105957
164	female	1	0.914422938010378	82	180.031698258197	0.752204585537919	1.43678164101189	4.5	off	204.16667175293
165	ambiguous	1	0.989734848716236	32	203.134031791907	0.790049751243781	1.89966479104663	5.0	off	179.268295288086
166	female	0	1.9956389485879	-1	222.137721238938	0.825258573761568	1.49333333333333	4.4	off	234.574462890625
167	female	1	-1.02899245481126	207	219.090944513716	0.770799785292539	1.49367084679789	4.7	off	222.727279663086
168	male	1	-1.2046268048819	239	201.387893982808	0.709916132215096	5.71474100056689	2.1	off	109.70149230957
169	ambiguous	0	-1.19193362348928	-1	242.862387698687	0.76547619047619	1.59090905567956	4.1	off	183.75
170	female	1	4.513963046403	2	171.425304878049	0.774979009235936	1.42696634545837	2.7	off	200.454544067383
171	female	0	-0.917386790893559	-1	228.047939649578	0.778212290502793	1.49760384429558	4.8	off	214.077667236328
172	female	1	-0.285296767943164	158	216.927083333333	0.76567481402763	1.54999995280502	3.7	off	218.316833496094
173	male	0	-0.941875266042914	-1	237.126771255061	0.725159790819291	1.71321471709698	3.1	off	130.473373413086
174	male	0	-2.78556739918884	-1	231.046597633136	0.694790486976217	1.88056891481491	3.9	off	106.52173614502
175	ambiguous	1	2.94084939911	10	194.693559556787	0.799713876967096	1.68867931539785	4.1	off	160.94889831543
176	male	0	-2.71325919475957	-1	227.604841321243	0.727830451756832	3.92	4.0	off	139.55696105957
177	female	1	-2.13793305420348	242	215.728591160221	0.771141649048626	1.67627211204909	5.6	off	229.6875
178	ambiguous	1	-0.144537615008197	63	180.679627249357	0.742920353982301	1.6067415997188	5.0	off	183.75
179	female	1	2.16734605708155	32	179.939516129032	0.782282944028206	1.77108439127604	4.9	off	186.864410400391
180	female	1	-0.360909380931232	167	213.500531591738	0.757845188284519	1.48148151838861	3.6	off	218.316833496094
181	male	1	-1.30541815783491	243	197.650098425197	0.719128329297821	4.40139810090703	4.0	off	108.62068939209
182	male	0	-6.44051793767239	-1	217.329545454545	0.668264110756124	6.523809799196	3.8	off	93.8297882080078
183	male	1	2.56343129439887	32	202.199007479862	0.790490341753343	3.51242736785447	3.5	off	128.572525024414
184	ambiguous	1	2.15229403419114	16	167.50327693041	0.742411812961444	1.55555554371452	3.1	off	175.0
185	ambiguous	1	-0.509196358581737	71	202.548631123919	0.701240694789082	1.44712759151322	1.7	off	175.0
186	male	1	0.0809125015339405	179	172.265625	0.734599156118143	6.22727285224319	2.0	off	92.2594146728516
187	male	1	-0.00477084444766936	182	213.89036822885	0.735324947589098	4.55555560284281	1.7	off	107.038833618164
188	ambiguous	1	-0.895362125151958	83	183.701973340303	0.726945569050832	3.08163267012135	2.7	off	180.737701416016
189	male	0	-1.43407699279742	-1	226.577611218569	0.725707940033315	1.98829349175319	4.6	off	128.197677612305
190	male	1	1.34766712856563	88	217.061071649166	0.75	1.640625	2.9	off	130.473373413086
191	male	0	1.24364986733616	-1	252.63973759885	0.778328173374613	1.46201730015214	2.6	off	127.456649780273
192	female	1	-0.0215323532476342	146	215.200168401715	0.771744860305746	1.71999995715083	4.1	off	204.16667175293
193	female	1	0.271936712460217	126	209.678923031026	0.751926040061633	2.0199985437095	2.4	off	198.648651123047
194	ambiguous	1	-1.30639505757741	95	199.898677474403	0.779138099902057	2.48387094711562	6.4	off	179.268295288086
195	female	0	-1.55117255072184	-1	229.088575619296	0.796296296296296	2.38888888888889	5.0	off	214.077667236328
196	ambiguous	1	2.31050033609831	13	200.927315608919	0.788877952755906	1.45338821167764	4.1	off	182.231399536133
197	ambiguous	0	-3.47379209504457	-1	226.285817772054	0.74390243902439	3.19565226236979	4.2	off	176.399993896484
198	male	1	-1.77945093744535	257	215.464055793991	0.700105596620908	4.43137265634878	3.1	off	119.189186096191
199	male	0	-0.159167604512321	-1	251.19505003574	0.749384236453202	4.21999987588827	0.800000000000001	off	127.456649780273
200	male	0	-0.0933728128805009	-1	231.655817402769	0.753688989784336	4.35416653107624	2.8	off	121.823204040527
201	male	0	-1.78226482257952	-1	224.694293478261	0.730176211453744	3.87188544340925	3.8	off	131.25
202	female	1	-0.578546079490864	182	166.471755092373	0.725642070933551	2.510515223315	3.6	off	186.864410400391
203	male	1	-1.1403725777915	236	212.982954545455	0.720772442588727	4.43137265634878	3.0	off	128.197677612305
204	male	1	0.964126146901357	122	214.936926605505	0.779357556608741	4.41818192519151	4.0	off	122.5
205	female	1	1.38992444044505	63	196.215452261307	0.784238346948582	1.67088605051148	4.8	off	200.454544067383
206	female	1	1.71794334297929	48	216.392780172414	0.8016967126193	2.24631236317887	3.5	off	186.864410400391
207	female	1	-0.98180828196912	202	204.910714285714	0.766566265060241	1.46153854649582	5.0	off	232.105270385742
208	ambiguous	1	-2.33760924311335	107	185.153780295047	0.729705215419501	3.89148542826939	3.4	off	160.94889831543
209	male	1	1.31265406790828	89	177.845078441296	0.727787456445993	2.35632184234165	4.1	off	128.197677612305
210	female	1	0.662034263525185	102	212.339501510574	0.783558792924037	1.48235299246652	4.7	off	206.074768066406
211	female	1	1.80478402728577	41	204.67202970297	0.795887662988967	1.55555559430804	4.4	off	212.019226074219
212	male	1	0.287717884325547	169	203.722826086957	0.705089820359281	1.78225807808285	3.2	off	122.5
213	ambiguous	0	-1.00507457455587	-1	224.981994238156	0.775082690187431	2.50847472208561	4.3	off	179.268295288086
214	female	1	2.37266886048963	26	197.984154929577	0.78176527643065	1.60047059558198	3.8	off	186.864410400391
215	female	1	-0.533312373989017	177	203.604794322132	0.739650872817955	1.54545449412009	4.0	off	188.461532592773
216	male	1	1.15646455726341	103	215.464055793991	0.755543822597677	2.8607595787967	2.9	off	128.197677612305
217	male	0	-1.06825492430746	-1	240.370639534884	0.712603062426384	1.92644087719279	1.3	off	100.456100463867
218	ambiguous	1	1.2801368240265	26	189.650229357798	0.751509521597771	1.79877841329692	3.1	off	180.737701416016
219	male	0	-0.89160851848338	-1	226.431620489691	0.74361820199778	5.46511635848982	2.5	off	114.24870300293
220	female	1	-0.751298086966211	193	206.71875	0.766075949367089	1.32291672342579	6.2	off	193.421051025391
221	male	1	-0.0896302335230117	184	203.369140625	0.733931240657698	1.97297304874791	3.5	off	144.117645263672
222	male	1	3.68423721189877	10	190.163352272727	0.758267349790405	1.51367980922952	3.0	off	119.189186096191
223	male	1	-0.422541942146991	197	198.768028846154	0.725900681596884	3.39062511497074	4.0	off	129.70588684082
224	female	1	2.55697984268955	20	168.144437799043	0.782948929159802	1.93421061197917	4.9	off	185.29411315918
225	male	1	0.490129491125744	156	215.33203125	0.753691983122363	4.38461532393156	3.2	off	121.153846740723
226	female	1	0.150804461298036	136	207.450929752066	0.776422764227642	1.49425283426986	5.4	off	196.875
227	male	1	-2.67009608714916	269	214.936926605505	0.729857819905213	5.62705321712018	4.0	off	104.009437561035
228	female	1	0.89769709151506	84	194.370506084071	0.78952380952381	1.58024695294785	5.6	off	212.019226074219
229	female	1	0.523326087266185	113	206.354594832648	0.780080889787664	1.62499997750972	4.8	off	204.16667175293
230	male	0	0.436663236508587	-1	245.577830188679	0.835740072202166	1.5391304789839	5.6	off	152.068969726563
231	male	0	0.889956097281782	-1	226.285817772054	0.751108647450111	4.75510205397861	1.3	off	117.914436340332
232	male	1	4.18730397681358	3	183.318661971831	0.749887741356084	1.80714282150194	1.5	off	113.076919555664
233	male	1	4.22708754222918	2	180.123974884675	0.80238200264667	4.73469374649307	2.9	off	115.445022583008
234	female	1	-0.488832487738172	176	200.012450199203	0.755512003919647	1.43181815011161	5.1	off	202.293579101563
235	ambiguous	1	0.393700769353771	46	176.328085800301	0.756044905008636	2.02531644168084	4.9	off	176.399993896484
236	ambiguous	1	0.821316086602951	34	205.991720398593	0.74066599394551	1.57291667537444	2.3	off	172.265625
237	ambiguous	1	0.770134085906755	36	204.315043604651	0.742242242242242	2.2119205337059	1.7	off	177.82258605957
238	female	1	-2.68319456703942	254	180.958740988671	0.69813829787234	2.23420950753348	3.1	off	210.0
239	ambiguous	1	1.51309467560419	21	192.982907742998	0.780614657210402	1.65168538411458	4.7	off	177.82258605957
240	ambiguous	1	2.41132167517871	11	195.125971682399	0.794455066921606	1.73297263442396	4.3	off	172.265625
241	female	1	1.36311245112651	66	217.061071649166	0.784042553191489	1.5357142474561	3.8	off	198.648651123047
242	ambiguous	1	1.2620983215583	27	194.478071389043	0.798475464506908	2.95833328829511	4.3	off	179.268295288086
243	male	1	3.63324474045058	13	202.665441176471	0.836146971201589	4.77272716703869	3.5	off	132.035934448242
244	ambiguous	1	-0.141799849692342	62	217.733503717472	0.798933333333333	2.3870969393827	5.4	off	169.615386962891
245	male	1	-1.20820385970571	240	213.89036822885	0.720649895178197	1.58974356004045	3.0	off	153.125
246	male	1	-0.274967560012972	193	205.509868421053	0.711983887210473	4.07983264625429	1.9	off	110.25
247	female	1	-0.00409365270429146	145	195.234375	0.777618364418938	2.22479924271234	5.0	off	198.648651123047
248	male	0	-1.99253853787985	-1	187.725360576923	0.682298850574713	5.05882334037131	2.1	off	99.3243255615234
249	ambiguous	1	-0.820522182515442	80	200.8125	0.744220363994097	2.13678989955357	4.0	off	177.82258605957
250	female	1	1.27017118844539	70	182.083873056995	0.797948260481713	1.54929580895592	5.9	off	232.105270385742
251	female	1	0.369868947232929	120	199.105878186969	0.778536585365854	1.83561644851826	5.0	off	202.293579101563
252	female	1	1.26043866519432	71	195.669195434298	0.763183125599233	1.58139537072399	3.9	off	195.132736206055
253	male	1	3.09513273046029	20	191.719517184943	0.780178487552842	2.03508764606674	4.1	off	127.456649780273
254	male	0	-0.402471230138851	-1	224.838051823417	0.772451790633609	4.397991689561	3.9	off	132.831329345703
255	female	0	1.32730884407475	-1	221.857244318182	0.777717391304348	1.71604949434302	2.9	off	185.29411315918
256	male	1	-0.355940531174604	195	211.699924698795	0.674273858921162	1.70529993949081	1.8	off	121.153846740723
257	male	1	-0.961116268169582	231	200.126352505695	0.702941176470588	3.65625011385704	3.4	off	125.642044067383
258	female	1	0.701943685778568	99	172.18122243998	0.724167018135808	2.0	2.6	off	185.29411315918
259	male	0	1.3379843073355	-1	228.939332247557	0.775098149186764	4.81250006993612	1.8	off	116.666664123535
260	ambiguous	0	-2.06900555950673	-1	228.939332247557	0.764441951766685	3.13207548470265	3.8	off	168.320617675781
261	male	0	-0.726941782272762	-1	222.700807984791	0.750681942171304	3.53920538807408	4.4	off	113.659790039063
262	ambiguous	1	-0.980152526015008	87	191.40625	0.725738396624473	1.64948448129252	4.2	off	172.265625
263	female	1	-0.594566962851367	183	205.750512295082	0.785786290322581	2.93617015993773	4.4	off	186.864410400391
264	male	0	-1.75889637382486	-1	258.3984375	0.760607979734009	3.60000016193001	4.2	off	117.914436340332
265	female	0	-2.27411085075423	-1	220.051268002505	0.748787061994609	1.57894743835034	4.3	off	225.0
266	female	1	-1.02020892042205	204	204.43390052356	0.722583875813721	1.50561790251125	3.4	off	191.739135742188
267	female	1	-0.720076446774603	191	192.876989571899	0.766178554558337	2.28413953712438	3.9	off	232.105270385742
268	ambiguous	1	-1.0704542940126	89	212.725105932203	0.771235018238666	3.13333330080893	4.0	off	182.231399536133
269	male	1	-1.35707388508439	245	217.329545454545	0.733226837060703	5.13999981503996	2.8	off	107.038833618164
270	male	1	1.73426561689547	59	171.174805163176	0.749266247379455	1.71052635485154	3.8	off	151.027404785156
271	male	1	2.27595934267995	41	185.544812565998	0.775909090909091	3.36968066728197	4.1	off	131.25
272	male	1	1.71121823792822	63	211.445171480144	0.756476683937824	4.74679965753914	1.5	off	117.287231445313
273	female	1	2.92667950628814	8	171.928510273973	0.776	1.50561790251125	4.5	off	196.875
274	ambiguous	1	0.729243492046314	38	198.768028846154	0.743427458617332	1.57575754631576	3.0	off	169.615386962891
275	male	0	-0.368843031226749	-1	228.344298245614	0.747621712367096	3.6967029887245	2.8	off	130.473373413086
276	ambiguous	1	-1.48132885161038	98	198.095758173619	0.723435225618632	2.35937501306166	3.3	off	175.0
277	ambiguous	1	-0.0613543083705117	59	203.016681109185	0.762804574838389	1.52173917255704	5.0	off	180.737701416016
278	male	1	-2.65358438363057	268	207.573464264619	0.716319267920691	5.93181812435001	3.4	off	103.521125793457
279	ambiguous	0	-0.984710425925748	-1	228.196022727273	0.764541387024608	2.59259265718006	3.3	off	182.231399536133
280	female	1	-0.332767015095187	164	206.112536656891	0.757575757575758	1.41860471399073	4.5	off	208.01887512207
281	female	1	1.79728355673386	42	209.678923031026	0.798664612223934	1.54342701078825	4.3	off	212.019226074219
282	female	1	1.63190434453845	54	190.782776872964	0.750934579439252	1.51685397142228	3.2	off	191.739135742188
283	female	1	-3.28281014064432	262	207.206294221698	0.747715736040609	2.25490187028045	4.4	off	239.673919677734
284	male	0	-0.305337545338983	-1	243.030342323651	0.776057176891007	1.52732054091349	3.6	off	147.0
285	female	1	2.05805498785831	34	166.708669354839	0.806043282972642	1.54929580895592	6.1	off	245.0
286	male	1	-0.498591063207632	206	215.861102579853	0.771549444738234	4.59047154017857	4.7	off	130.473373413086
287	male	0	1.31430513653475	-1	227.163461538462	0.779632721202003	4.1481482514881	2.7	off	116.052635192871
288	male	0	0.744578796678674	-1	230.591781496063	0.806214689265537	5.33333333333333	3.3	off	108.088233947754
289	male	0	-1.59144924483721	-1	230.138752455796	0.738860688099267	1.75229364224957	4.4	off	141.346160888672
290	female	0	-1.24597381052973	-1	227.163461538462	0.780745687256539	2.86956527299269	3.6	off	188.461532592773
291	male	1	0.614670487634092	152	208.558976261128	0.768523249872253	2.24	4.3	off	141.346160888672
292	female	1	-1.29160293497808	220	200.927315608919	0.743110236220472	2.36842110671751	3.6	off	185.29411315918
293	male	1	2.60754653314777	29	207.818968066233	0.773930753564155	2.28735621816109	2.7	off	131.25
294	ambiguous	1	-0.889256625831333	82	214.412370347773	0.743172268907563	1.41176467168899	4.2	off	159.782608032227
295	male	1	4.11786937662663	4	189.139868137783	0.763316350162112	2.3479733445769	2.1	off	121.153846740723
296	male	0	-2.57650105857922	-1	225.270432692308	0.710816777041943	5.88888868513082	0.899999999999999	off	94.6351928710938
297	male	1	2.32672906650809	38	180.031698258197	0.775132275132275	5.47727269695017	3.1	off	112.5
298	female	1	2.88232997427738	12	187.926136363636	0.805709023941068	1.44878111102779	5.2	off	210.0
299	female	1	-0.999470441878038	203	194.155732044199	0.757964812173086	2.73333329361204	3.7	off	204.16667175293
300	male	1	1.44899367290199	83	214.281631097561	0.775853018372703	2.8553801155189	3.7	off	129.70588684082
301	female	1	-1.73224678429949	235	207.696143617021	0.750636132315522	1.62990805583968	4.0	off	239.673919677734
302	female	1	1.80954219338273	40	197.872677364865	0.779447406689287	1.63919035065261	4.2	off	193.421051025391
303	male	1	1.29691425353381	91	214.1510511883	0.756558237145855	4.25454555759183	2.5	off	119.836959838867
304	male	0	-2.22364290799734	-1	238.899983004759	0.756440281030445	5.30232575751958	4.9	off	119.836959838867
305	female	1	-1.34105624983244	223	212.982954545455	0.794885177453027	2.47916672671283	5.6	off	212.019226074219
306	female	1	-1.08724956400278	212	209.429007747318	0.782965623396614	2.74468072190853	4.3	off	210.0
307	female	0	-1.49534311643279	-1	225.126121076233	0.760066188637617	1.51871325536613	3.9	off	227.319580078125
308	male	1	1.49911517455436	78	200.583261986301	0.789189189189189	2.99219147164002	4.0	off	145.065795898438
309	ambiguous	0	-0.639441069277733	-1	225.270432692308	0.772626931567329	2.05882355220734	4.3	off	177.82258605957
310	female	1	0.602598243169936	105	177.396201413428	0.778887923544744	2.76595734727707	4.2	off	208.01887512207
311	female	1	0.721436769282712	97	148.592758985201	0.766011644832606	2.80434783384949	3.5	off	208.01887512207
312	female	1	-0.812788069740506	195	191.197973340588	0.761592505854801	2.55067352636709	4.6	off	185.29411315918
313	female	1	0.825619800818995	87	189.139868137783	0.747568318666049	1.69865199643743	3.4	off	198.648651123047
314	ambiguous	1	0.335601840683843	48	194.048522915516	0.744771863117871	1.66671372348065	3.7	off	176.399993896484
315	female	1	-0.840737936130271	197	169.76902173913	0.743035343035343	1.43197017501732	4.9	off	250.568176269531
316	female	1	-2.02907614945922	240	197.984154929577	0.719204655674103	1.63291134042559	3.7	off	214.077667236328
317	male	1	0.542332902710398	153	200.126352505695	0.766666666666667	4.21739156117328	4.0	off	134.451217651367
318	male	1	2.46842300872399	33	206.475837250294	0.799696509863429	5.02173934241506	2.9	off	126.724136352539
319	female	1	0.00170871531870453	144	177.396201413428	0.779322328410078	3.06818184578352	4.6	off	200.454544067383
320	male	0	-0.357085497834531	-1	230.440573770492	0.800112930547713	3.45283022929884	4.7	off	146.026489257813
321	female	1	2.92462371594735	9	198.207487309645	0.793203883495146	1.64999998629823	3.4	off	206.074768066406
322	female	1	-0.572298922295316	181	219.501483447845	0.774610005379236	1.48964129992285	4.8	off	212.019226074219
323	ambiguous	1	-1.10647738403857	90	188.429959785523	0.756806645131518	3.22453942440264	4.4	off	176.399993896484
324	ambiguous	0	0.201044776453614	-1	229.988138089005	0.778591549295775	2.14978102258093	3.3	off	175.0
325	ambiguous	1	0.811762234966739	35	211.699924698795	0.783195020746888	1.87951803587116	4.3	off	180.737701416016
326	male	1	-0.714851182462345	218	214.936926605505	0.711427066877304	2.05833332336264	3.6	off	113.076919555664
327	male	0	1.07821966685903	-1	229.23801369863	0.756741573033708	3.60655733212534	2.1	off	118.548385620117
328	male	0	0.448919923354777	-1	175.010893924303	0.699957136733819	4.77999997684539	2.4	off	123.184356689453
329	male	1	1.05894242979711	115	207.818968066233	0.787169042769857	3.59259280142541	4.8	off	130.473373413086
330	male	0	2.51137992829641	-1	228.047939649578	0.831284916201117	4.97777777777778	3.8	off	120.491806030273
331	ambiguous	1	-2.2773154151388	106	199.558134582624	0.699902248289345	1.4210527200832	3.9	off	183.75
332	male	0	-3.85400869907978	-1	237.286883862255	0.683139534883721	5.39583354243527	0.800000000000001	off	98.0
333	male	0	-1.81779354981231	-1	224.55071884984	0.743124312431243	3.10169490452224	3.6	off	150.0
334	male	1	-1.07165470181567	232	210.684577338129	0.70108415074858	4.31452970905309	1.9	off	111.363639831543
335	male	1	1.53430057328405	76	217.464031559406	0.782099094299414	1.50375940578054	4.7	off	130.473373413086
336	female	1	0.500751130661575	115	200.126352505695	0.744607843137255	1.63657072915235	3.1	off	195.132736206055
337	male	1	1.87326190808044	56	189.038125336202	0.737037037037037	1.68139222194571	3.7	off	126.724136352539
338	male	0	-1.14986232106866	-1	267.240969581749	0.749181401440733	3.35937511623582	2.0	off	123.876403808594
339	male	1	-1.85676414807085	259	215.464055793991	0.744984160506864	6.11111126969641	2.4	off	93.037971496582
340	female	1	0.585393624132303	107	160.101082004556	0.741669933359467	1.59259259259259	5.2	off	202.293579101563
341	male	1	-1.7182940018035	254	196.875	0.715043394406943	4.97598744113678	4.0	off	109.158416748047
342	male	1	-0.753094290776167	220	219.501483447845	0.773534158149543	5.7117299195797	3.2	off	99.7737579345703
343	female	1	-0.806411871006318	194	212.982954545455	0.760960334029228	1.51898733126063	4.2	off	220.5
344	female	1	0.391826390084555	119	183.990510471204	0.771518702118071	2.93181804385684	3.4	off	202.293579101563
345	female	1	1.32498520523076	68	167.743138424821	0.774034511092851	2.97777764589633	3.9	off	190.086212158203
346	ambiguous	1	4.36081838694685	1	192.876989571899	0.839867737364195	1.69999994117927	5.1	off	164.55224609375
347	ambiguous	0	-0.259245104700539	-1	231.655817402769	0.77639046538025	1.85425484159234	4.0	off	170.930236816406
348	female	1	3.08019922438834	6	186.529657643312	0.796710826861581	1.73076937090097	4.5	off	193.421051025391
349	ambiguous	1	-1.12718492920981	91	195.88733277592	0.734165067178503	1.61559165484145	4.7	off	159.782608032227
350	male	0	-0.946861066710239	-1	240.370639534884	0.740282685512368	4.1481482514881	2.4	off	125.284088134766
351	female	1	-1.67363707387627	233	206.112536656891	0.779292929292929	1.68749995796048	5.5	off	250.568176269531
352	female	1	1.73448647478273	46	177.485795454545	0.786086956521739	1.65060252957282	5.9	off	196.875
353	male	1	0.185313917037436	172	173.028988183161	0.71228813559322	5.44680839002268	2.5	off	109.158416748047
354	female	1	-0.363711779601748	168	191.510558583106	0.779549718574109	1.68831173037143	6.1	off	218.316833496094
355	female	1	-0.332548147018289	163	206.840420835786	0.791793313069909	2.20000001522419	4.3	off	237.096771240234
356	female	0	-2.0952527534812	-1	223.978250478011	0.781558726673985	2.95744686172168	4.7	off	190.086212158203
357	male	1	-1.38566442223062	247	195.56030884808	0.702586206896552	3.90740738983167	3.7	off	130.473373413086
358	male	0	0.566647882096785	-1	246.958450456781	0.771186440677966	3.70312512684842	2.2	off	123.184356689453
359	female	0	-2.85348337829635	-1	246.09375	0.781664656212304	2.07407412574405	3.8	off	247.752807617188
360	male	0	-0.326557250314575	-1	247.829248942172	0.795992714025501	4.91304379444863	3.9	off	124.576271057129
361	male	0	0.758193039410971	-1	251.19505003574	0.820197044334975	2.49315079707481	3.9	off	142.258071899414
362	male	1	0.828882579990196	135	194.909525790349	0.739856801909308	2.00097595899447	3.4	off	141.346160888672
363	male	1	1.24212246774541	97	155.153145695364	0.735562310030395	3.97777780530434	2.1	off	154.19580078125
364	male	1	0.87839612397521	128	218.274456521739	0.742780748663102	1.4488187953731	2.3	off	140.445861816406
365	ambiguous	1	-2.1232224542405	105	192.982907742998	0.748463356973995	2.84891024171543	5.3	off	168.320617675781
366	ambiguous	1	0.0444322004519174	58	203.369140625	0.775784753363229	2.55555562983114	4.3	off	183.75
367	male	1	2.58446579768473	31	208.435275800712	0.804902962206333	2.11458333845492	4.2	off	137.384521484375
368	male	1	2.17168698669034	44	190.163352272727	0.772240335351653	2.09194100061979	3.4	off	145.546142578125
369	male	1	1.63690566856385	68	205.991720398593	0.769424823410696	3.93333325712012	3.6	off	119.189186096191
370	female	1	3.21478106139327	5	195.342898832685	0.808133971291866	1.49411776286036	4.5	off	208.01887512207
371	male	0	-1.10861104576092	-1	226.577611218569	0.774569683509162	5.16666650935006	5.0	off	114.84375
372	female	1	-1.0984879239568	213	207.696143617021	0.762849872773537	1.71641793895438	4.7	off	218.316833496094
373	female	1	2.25987460580063	28	178.477336211275	0.77972027972028	2.06060605490223	4.1	off	195.132736206055
374	male	1	1.07466567578166	111	213.112113402062	0.772323759791123	3.92336484080446	3.9	off	117.287231445313
375	male	1	2.08614443209755	48	193.620867768595	0.809297912713473	4.75510205397861	5.3	off	114.546226501465
376	female	1	0.761754233472671	93	198.768028846154	0.774099318403116	1.67490754361963	4.9	off	186.864410400391
377	female	1	-2.44793143786453	249	201.042262585812	0.719350073855244	1.57142867908534	3.8	off	222.727279663086
378	female	1	-1.49474647850355	224	189.650229357798	0.752438457965629	1.67678416418651	5.1	off	234.574462890625
379	ambiguous	1	0.307147770881983	50	183.894230769231	0.732432432432432	2.35820907598454	2.6	off	168.320617675781
380	male	0	-6.85276486345408	-1	263.040325598802	0.708575112830432	6.00000018684232	3.8	off	92.2594146728516
381	female	1	1.77975327967924	43	193.195093457944	0.787979176526266	1.50490694822564	4.5	off	218.316833496094
382	female	1	0.196689644917328	132	194.263059701493	0.761655566127498	1.53260872216663	5.3	off	188.461532592773
383	ambiguous	1	-0.557891001011006	74	180.58678057554	0.737726669615214	3.21276590408853	3.0	off	177.82258605957
384	female	1	2.09366889212593	33	185.642828843106	0.79899954524784	2.71999996988379	3.9	off	195.132736206055
385	male	1	0.988359869073671	120	205.630119953189	0.758186397984887	3.82257785926871	3.2	off	110.804023742676
386	male	1	0.0966349029562042	177	203.722826086957	0.769960079840319	4.74468085434719	4.1	off	135.276077270508
387	ambiguous	1	2.00986227377086	17	197.095835670219	0.791887976822791	1.80208329966279	4.4	off	169.615386962891
388	male	1	2.66109758762099	28	218.274456521739	0.761497326203209	2.25664481391756	1.7	off	115.445022583008
389	female	1	0.772444344081454	92	188.328979099678	0.759225092250922	1.72151895636782	4.2	off	200.454544067383
390	ambiguous	1	3.78146056535728	3	159.592132152589	0.794450957405236	1.58407074932398	4.9	off	155.281692504883
391	ambiguous	0	0.518407244925561	-1	228.939332247557	0.806505888951206	2.95401818090453	3.7	off	156.38298034668
392	male	1	1.35838481538552	86	219.913563829787	0.779094827586207	3.83518510081781	3.0	off	128.197677612305
393	male	1	1.2147590685995	98	216.793260333128	0.804567180031864	4.76595734126984	4.1	off	130.473373413086
394	male	0	-0.60881657387539	-1	244.722754178273	0.778644271145771	1.6	4.9	off	136.956527709961
395	male	0	0.427148523096694	-1	221.020047169811	0.778018408229561	4.7450981213069	3.7	off	114.24870300293
396	female	1	-0.69705944908318	188	193.088942307692	0.764427625354778	1.39506181431519	5.5	off	229.6875
397	ambiguous	1	3.38150828028505	7	168.709493518963	0.85702479338843	4.19512178864814	5.4	off	159.207855224609
398	male	1	1.2019371620059	100	205.03026546091	0.736815670517328	1.73599999879867	3.3	off	128.197677612305
399	male	0	-2.60962202103959	-1	226.140202702703	0.715789473684211	3.91896988888502	3.4	off	102.558135986328
400	male	0	-3.54749079010963	-1	208.806818181818	0.687979539641944	5.68085114441934	2.2	off	94.2307662963867
401	male	1	1.50870212590285	77	219.364466292135	0.752283718430951	1.82031250503869	2.9	off	126.0
402	male	0	-2.72869076347261	-1	227.310397800776	0.715320334261838	4.82000008005155	3.9	off	124.576271057129
403	ambiguous	1	-0.835175776851297	81	186.926529255319	0.747710622710623	3.06382971938776	3.8	off	176.399993896484
404	male	1	1.07606435201281	110	189.139868137783	0.773506252894859	4.53061218846395	4.3	off	133.636367797852
405	male	1	1.07033964512476	112	195.56030884808	0.770114942528736	4.72549021569891	4.4	off	123.184356689453
406	male	0	0.0979449979590628	-1	231.046597633136	0.775764439411099	4.10418343777575	3.7	off	126.724136352539
407	male	1	-0.650983936479971	213	181.613372093023	0.712633451957295	2.88571426175102	4.2	off	140.445861816406
408	female	1	-0.697466652269116	189	203.016681109185	0.806066633515664	2.51111120320977	5.6	off	229.6875
409	male	0	-3.76218895881776	-1	221.577474779319	0.703040173724213	4.88888897008456	3.6	off	99.7737579345703
410	male	1	1.47126775172799	80	219.227620087336	0.745972073039742	1.63461545757571	2.1	off	107.038833618164
411	ambiguous	1	2.38381741187328	12	177.127961189516	0.761388286334056	1.77088964682928	3.2	off	175.0
412	ambiguous	1	0.473842469345062	43	202.315414507772	0.758176412289395	1.75581400695006	3.8	off	177.82258605957
413	male	1	0.695555357799177	144	143.4375	0.754127151387425	5.31249997242778	3.8	off	104.502372741699
414	male	1	1.19112134734789	101	189.445754716981	0.754524361948956	4.91666657140015	3.8	off	120.491806030273
415	male	1	2.83923913619479	23	194.263059701493	0.794005708848715	4.30188697702327	3.4	off	127.456649780273
416	male	1	0.335149522268765	165	217.195225587145	0.748270356572645	2.59090905505046	3.5	off	130.473373413086
417	ambiguous	1	-0.751730089163512	79	183.12760552371	0.737668161434978	2.45121159557047	4.1	off	158.633087158203
418	male	0	-1.42047495294866	-1	222.842025998732	0.706331877729258	4.72550504951317	1.0	off	105.502395629883
419	ambiguous	1	3.02935401559176	8	163.528094462541	0.782138566279535	1.74221087970347	4.6	off	176.399993896484
420	female	1	0.734205181339133	96	213.241429004854	0.790491118077325	1.76554764456	4.5	off	206.074768066406
421	female	1	0.244098259048901	130	190.990149456522	0.771281571562208	1.61038962376245	4.8	off	225.0
422	ambiguous	0	1.09634754165533	-1	220.051268002505	0.766037735849057	1.56701018782728	2.8	off	172.265625
423	male	1	1.46915489477225	81	213.370901639344	0.770517511761631	4.08163265306122	2.4	off	130.473373413086
424	female	1	0.538522596558706	110	187.425	0.745638200183655	1.68984066907416	3.9	off	193.421051025391
425	male	1	0.991004341095886	119	206.23349471831	0.790803436078828	3.48148164530811	4.9	off	135.276077270508
426	male	0	-2.85665934671544	-1	223.125	0.703663203936577	5.29999981661773	1.8	off	98.4375
427	male	1	0.11770913289601	174	211.191030649038	0.761510605276772	4.75000003944449	4.0	off	123.876403808594
428	male	1	-1.55407084817071	251	198.993134201586	0.735251097025841	5.68888888888889	4.2	off	107.824600219727
429	male	0	0.682265957659119	-1	252.096036585366	0.81964175416924	5.44909392217812	3.1	off	114.24870300293
430	ambiguous	1	-0.45220225209496	67	218.003644540943	0.760683760683761	2.08395306455434	3.7	off	170.930236816406
431	male	1	2.30170777910853	39	188.834967759269	0.800185013876041	6.09523809523809	3.3	off	109.429954528809
432	male	1	-0.00222040934305145	181	195.017688679245	0.725752508361204	4.87658070595416	3.2	off	117.914436340332
433	ambiguous	1	1.35784607396081	23	198.431324110672	0.78561011181332	2.31250008961511	4.0	off	176.399993896484
434	female	1	3.47949464081669	3	191.094004893964	0.769194756554307	1.57142855837927	2.3	off	190.086212158203
435	male	0	-1.96172710962761	-1	221.020047169811	0.740660530590146	4.73032230803127	3.9	off	104.009437561035
436	male	0	-1.19439143176953	-1	226.870158166559	0.769872151195108	1.81818180559984	5.0	off	152.068969726563
437	male	0	-1.88680640015862	-1	245.064069037657	0.764564564564565	4.1224489453586	4.6	off	128.947372436523
438	male	1	-1.13068312205714	235	200.012450199203	0.738853503184713	5.47916684108167	3.0	off	97.5663681030273
439	female	1	-2.11657347529582	241	218.954439252336	0.776824034334764	2.20000001522419	4.6	off	234.574462890625
440	ambiguous	1	-1.28079000829948	93	208.806818181818	0.731969309462916	1.60919538225446	4.0	off	183.75
441	male	1	0.428752632386709	159	200.697815533981	0.75614552605703	2.26576676239192	3.5	off	151.027404785156
442	male	1	-1.54565245056538	250	197.538996627319	0.712626995645864	4.24489805318386	3.5	off	137.8125
443	female	1	1.25541184498151	72	169.196858449687	0.769167012018235	1.5	5.2	off	222.727279663086
444	female	1	-0.469391115031591	173	173.88514349332	0.739352640545145	1.82352937643156	4.2	off	222.727279663086
445	male	0	2.10425329624781	-1	227.163461538462	0.812465219810796	4.97953593581431	3.1	off	122.5
446	female	1	0.156879694814072	135	214.1510511883	0.781217208814271	1.51219505497829	4.8	off	210.0
447	female	0	-0.132295775768207	-1	225.704479768786	0.785951327433628	1.49367084679789	4.3	off	222.727279663086
448	female	0	-3.09927948960742	-1	262.843586387435	0.771262886597938	2.30787981305804	3.1	off	212.019226074219
449	female	1	0.523901327538014	112	179.205443651198	0.763388937664618	1.560000048579	4.1	off	245.0
450	female	1	-2.02030427661118	239	209.429007747318	0.762955361723961	1.48148151838861	6.0	off	220.5
451	female	0	-1.84614413711749	-1	227.310397800776	0.754874651810585	1.54022979765759	5.0	off	191.739135742188
452	male	0	-4.3095928971263	-1	228.641428106701	0.699159663865546	5.80664870809975	3.0	off	100.684928894043
453	female	1	0.788497764945342	90	199.21875	0.805270863836018	1.64951652405754	5.3	off	242.307693481445
454	male	0	-0.948726384357842	-1	233.347858565737	0.746140651801029	5.11860175156469	2.6	off	124.576271057129
455	female	1	-0.231537537934479	155	214.805547066015	0.794210526315789	1.73239436739601	5.3	off	220.5
456	male	1	0.968810589579239	121	205.630119953189	0.771284634760705	2.02912612512935	4.5	off	139.55696105957
457	ambiguous	1	1.36830659648449	22	174.402915632754	0.726185390858607	1.46601940733075	2.7	off	172.265625
458	female	0	0.786064549253911	-1	228.790283203125	0.84585201793722	2.89361692516102	5.6	off	188.461532592773
459	male	1	1.876093455574	55	219.501483447845	0.807961269499731	5.69047616291118	3.2	off	117.914436340332
460	male	1	5.94404740262554	1	196.10595703125	0.817483189241114	1.58461542628495	2.5	off	126.0
461	female	1	-1.26873274779844	218	190.369379739978	0.690909090909091	1.54444450643304	2.3	off	186.864410400391
462	ambiguous	1	0.334438589919374	49	176.771566901408	0.719047619047619	1.85263167766421	2.8	off	168.320617675781
463	male	0	1.62759573877856	-1	221.298409949622	0.794468546637744	5.14997539284228	3.0	off	117.914436340332
464	female	0	-0.57063317812426	-1	220.327194357367	0.747840172786177	1.48275856528125	3.4	off	198.648651123047
465	male	1	0.713845882383182	143	197.984154929577	0.746362754607177	1.64799996350624	4.4	off	136.956527709961
466	female	1	1.48607587953919	58	152.394568516912	0.79365671641791	2.50022138737756	5.2	off	212.019226074219
467	female	1	-0.421005530753155	171	217.733503717472	0.747733333333333	1.5505617956068	3.4	off	185.29411315918
468	female	1	-0.662131180300969	186	219.227620087336	0.750805585392052	1.64879382759683	3.6	off	185.29411315918
469	ambiguous	0	-0.823233270658336	-1	224.981994238156	0.751378169790518	1.81176469835981	3.5	off	177.82258605957
470	ambiguous	1	-0.552337986022705	73	196.985355941704	0.737451737451737	1.89247313661408	3.8	off	168.320617675781
471	female	1	0.898657367581183	83	186.430702917772	0.745662100456621	1.49105992639422	4.0	off	188.461532592773
472	male	1	0.731137604614069	141	191.40625	0.720581340834505	4.06666674546338	2.8	off	121.153846740723
473	male	0	-1.4143339316419	-1	228.047939649578	0.768156424581006	3.32467545351474	5.3	off	103.037384033203
474	male	1	0.135963371052794	173	213.112113402062	0.739425587467363	3.828125	2.7	off	110.804023742676
475	ambiguous	0	-3.03689987707972	-1	221.577474779319	0.760586319218241	3.36734683391503	4.8	off	172.265625
476	male	1	1.05409280205393	116	180.679627249357	0.73716814159292	2.0483568765599	3.2	off	149.493240356445
477	male	0	-0.117886446356788	-1	232.729718543046	0.765108323831243	2.66341531151807	4.7	off	122.5
478	male	1	0.722790426491533	142	182.272756742739	0.730357142857143	1.83873730620206	3.6	off	146.026489257813
479	male	0	-2.30915332847419	-1	214.281631097561	0.699212598425197	4.1406248567326	1.7	off	91.875
480	ambiguous	0	-0.742715972665688	-1	222.418908227848	0.788010899182561	3.23076915922619	4.0	off	172.265625
481	male	1	0.736441320869051	139	195.56030884808	0.73323754789272	4.53999989318156	2.3	off	111.928932189941
482	ambiguous	1	4.21805377149766	2	182.651702182952	0.787919463087248	1.5688072992813	2.7	off	162.132354736328
483	male	1	2.29036128045491	40	185.740948731501	0.768880800727935	3.86885230908877	4.0	off	117.287231445313
484	male	0	-0.709305077656645	-1	239.551380368098	0.742370892018779	4.93750016913123	1.4	off	111.928932189941
485	female	1	-0.969536150321415	201	202.665441176471	0.75571002979146	1.4595425677233	5.8	off	191.739135742188
486	male	1	2.42443412475183	35	178.38673857868	0.737439930100481	1.66639195090259	3.4	off	130.473373413086
487	female	1	0.064386707213781	140	193.088942307692	0.774834437086093	2.58083822078685	4.2	off	198.648651123047
488	female	1	-1.02076651918202	205	192.03381147541	0.737064910630292	1.50649352317361	4.1	off	222.727279663086
489	male	1	0.909236985009295	125	192.349137931035	0.751178133836004	4.03089156127067	4.1	off	124.576271057129
490	male	1	1.67977457006041	66	190.26631023281	0.789841565703635	3.54717001260386	4.6	off	139.55696105957
491	male	1	3.64073797435605	12	197.095835670219	0.794785127957508	3.84615376098356	2.7	off	124.576271057129
492	male	0	-0.8873323956651	-1	243.535602910603	0.779832935560859	4.40753170191519	4.4	off	124.576271057129
493	female	1	0.699926108118809	100	200.583261986301	0.787223587223587	2.27412611054845	4.3	off	202.293579101563
494	female	1	2.00946127508997	36	187.125599041534	0.810265811182401	2.82978715767131	4.4	off	196.875
495	male	1	-0.519870676782064	207	198.095758173619	0.726346433770015	3.71557947370867	4.1	off	128.197677612305
496	male	1	0.863573238882392	130	218.274456521739	0.762566844919786	4.90622781098598	1.7	off	108.62068939209
497	male	1	2.14139509738482	46	206.962234982332	0.783468559837728	4.05549025762649	3.0	off	127.456649780273
498	male	1	-0.47185984762909	201	209.429007747318	0.737814263724987	5.57498047460833	2.6	off	113.076919555664
499	male	0	-3.68295719032839	-1	208.435275800712	0.693564862104188	6.20000007722816	1.9	off	88.9112930297852
500	male	1	-2.3747800106213	266	217.061071649166	0.713829787234043	4.45000016167051	2.8	off	98.0
501	male	1	-0.946437764804384	230	207.818968066233	0.761710794297352	5.70454554139253	4.2	off	106.52173614502
502	male	0	0.999006200022622	-1	229.088575619296	0.707070707070707	1.55395673344934	0.800000000000001	off	120.491806030273
503	female	0	-1.47349738525813	-1	235.537449731904	0.79399884593191	1.44115257552212	6.2	off	212.019226074219
504	male	1	-0.176180671680409	190	217.868490390577	0.756540309663641	4.34782620730584	2.7	off	137.8125
505	female	1	-0.323329487118754	162	193.620867768595	0.773244781783681	2.51020404515392	4.5	off	202.293579101563
506	male	1	1.88342077789401	54	217.733503717472	0.777066666666667	2.82214864095052	3.6	off	117.914436340332
507	ambiguous	1	-0.673455544971624	78	189.038125336202	0.771296296296296	3.2888890163415	4.7	off	176.399993896484
508	male	0	-3.67252195351293	-1	229.23801369863	0.708988764044944	1.94019157954936	4.4	off	153.125
509	male	0	0.392574185600798	-1	253.185788904899	0.799007444168734	1.54999158024593	4.3	off	135.276077270508
510	ambiguous	1	-0.362508940026069	66	178.658807829181	0.705908096280088	2.12500002646933	2.3	off	155.281692504883
511	male	0	1.12880347749376	-1	236.170614919355	0.771990740740741	3.03748671220637	2.5	off	126.0
512	male	0	-0.708968460088169	-1	223.835589171975	0.704333516182117	1.60218729733751	2.9	off	113.659790039063
513	female	1	-0.446402866783199	172	199.671519886364	0.766634050880626	1.50666672192586	4.9	off	225.0
514	male	1	-0.699345258661461	216	206.112536656891	0.746464646464646	5.00610502683139	3.7	off	108.088233947754
515	female	1	0.610474931543001	103	198.768028846154	0.8047711781889	2.86956527299269	4.9	off	193.421051025391
516	ambiguous	1	0.999285618995077	31	207.206294221698	0.791878172588833	1.6543209555998	5.2	off	183.75
517	female	1	0.546879672304657	109	172.858767830792	0.78662150719729	1.91540153869874	5.2	off	250.568176269531
518	male	1	0.61539428389489	151	204.910714285714	0.767570281124498	5.95555529179265	1.8	off	100.227272033691
519	male	1	-0.0927795653050493	185	218.410114978247	0.800963081861958	4.32819384233297	5.0	off	141.346160888672
520	male	0	-2.24696021913756	-1	228.939332247557	0.73247335950645	4.64150952710923	3.6	off	107.560974121094
521	male	1	1.18142698173413	102	213.89036822885	0.745283018867924	1.69918696364947	3.1	off	129.70588684082
522	male	0	-2.61816719987381	-1	198.768028846154	0.698636806231743	4.79440759637188	3.9	off	105.0
523	male	1	0.391020424554123	162	213.630319148936	0.776556776556777	6.06818190426612	2.2	off	103.037384033203
524	female	1	1.83492563230015	39	182.367345614946	0.768646717284502	1.66265065993806	4.5	off	190.086212158203
525	female	1	1.42296139594195	61	194.909525790349	0.789021479713604	1.41463408760513	4.8	off	225.0
526	male	0	-0.999658395126813	-1	266.83513667426	0.765206017004578	3.45901622468896	1.8	off	134.451217651367
527	male	0	-0.0778653600329242	-1	228.344298245614	0.773363178511472	5.06818182168904	3.4	off	114.84375
528	male	0	1.35364098827727	-1	222.559768841039	0.792802617230098	5.07142376444027	3.2	off	117.287231445313
529	female	0	-1.20076569157472	-1	222.137721238938	0.777898747958628	1.55844161883503	4.9	off	227.319580078125
530	ambiguous	1	3.0128427293766	9	167.34375	0.770081967213115	1.90909086681548	3.4	off	168.320617675781
531	male	1	-0.471555362990949	200	218.410114978247	0.757089352594971	5.04097724661837	3.2	off	109.158416748047
532	female	1	1.72195086631792	47	217.195225587145	0.805747738158595	1.75000006902785	4.4	off	200.454544067383
533	male	0	-1.86397423841581	-1	210.180547248804	0.694644696189495	5.26530599127805	0.5	off	95.0431060791016
534	ambiguous	0	0.337868222674314	-1	231.503211462451	0.775950085082246	1.68965515136719	3.5	off	179.268295288086
535	female	1	-1.02367898574546	206	190.886406844106	0.766713417484806	2.55394483890429	5.2	off	185.29411315918
536	female	1	2.50100131201233	24	164.754746835443	0.749899152884227	1.45054944553049	4.0	off	190.086212158203
537	female	0	-0.490568838904353	-1	230.591781496063	0.764406779661017	1.44186045713404	3.6	off	206.074768066406
538	male	1	-2.16037842760688	264	201.734715843858	0.720849802371542	5.41304377418481	4.3	off	109.158416748047
539	female	1	-3.53102726147916	264	193.727604740904	0.711912672045562	1.38749998271709	5.0	off	232.105270385742
540	male	1	-0.784985587718988	222	211.82753164557	0.75609756097561	4.52000016577758	4.5	off	130.473373413086
541	ambiguous	0	-3.7930125202721	-1	254.653532608696	0.758426966292135	3.16981143043155	3.9	off	165.789474487305
542	male	1	2.17601662286902	42	209.429007747318	0.771677783478707	2.34939652819495	2.8	off	133.636367797852
543	male	1	-2.87270376497314	270	207.084192692988	0.71841704718417	5.44680839002268	4.0	off	100.684928894043
544	male	0	-1.73873457407497	-1	211.95529252111	0.699376947040498	4.1718751515661	1.7	off	99.3243255615234
545	female	1	0.0325686694354991	142	208.435275800712	0.786006128702758	2.30329199664967	4.0	off	214.077667236328
546	male	1	-0.524743284600546	208	193.514248348018	0.691469194312796	1.98373990466386	3.8	off	126.0
547	male	1	2.0161222527362	50	181.801280393171	0.7506678539626	5.8181816893424	0.800000000000001	off	103.037384033203
548	female	1	-1.24057227927249	216	196.764767637178	0.735421686746988	1.64102572278912	3.6	off	225.0
549	male	0	-0.21417561949402	-1	220.051268002505	0.778975741239892	3.29508191020749	4.4	off	142.258071899414
550	female	0	-3.7586970276551	-1	226.723790322581	0.742222222222222	1.39240506329114	5.2	off	232.105270385742
551	female	1	-0.0760232764576385	147	204.67202970297	0.764292878635908	1.76923086472795	4.3	off	202.293579101563
552	male	0	-2.80055540934073	-1	248.004146083275	0.713677811550152	4.14793922832362	1.1	off	95.0431060791016
553	female	0	-0.728787336404052	-1	225.126121076233	0.787093215664644	1.52500002954877	5.4	off	212.019226074219
554	female	1	0.05121257944888	141	198.207487309645	0.768932038834951	2.91304342988045	3.1	off	191.739135742188
555	female	0	-1.80975428475077	-1	221.298409949622	0.750542299349241	2.78723386510453	2.7	off	191.739135742188
556	female	1	-1.54667866409665	226	207.573464264619	0.750889679715303	1.432098761468	4.7	off	225.0
557	female	1	0.959094534309632	80	217.329545454545	0.820553780617678	1.58227852481067	6.1	off	214.077667236328
558	female	1	-0.147022185666911	151	205.509868421053	0.7865055387714	1.77218069893973	5.2	off	220.5
559	male	0	0.181308715443273	-1	231.655817402769	0.81328036322361	5.26666684707331	5.1	off	125.284088134766
560	female	0	-2.03928180933267	-1	220.189144736842	0.75782092772384	1.37804881195732	5.1	off	222.727279663086
561	female	1	0.528887973740182	111	181.051970633694	0.73569844789357	1.56626508625382	3.5	off	204.16667175293
562	female	1	0.667850050157406	101	193.195093457944	0.757217226691907	1.80369606750542	3.9	off	195.132736206055
563	male	0	-0.400190946631844	-1	231.198601973684	0.755807365439093	4.11338205570646	2.1	off	138.679244995117
564	male	0	-4.14052256435005	-1	228.492766579974	0.688689809630459	6.34883713681041	1.1	off	93.8297882080078
565	female	1	2.77327655632922	13	183.605995297806	0.793615107913669	1.7733333247432	4.8	off	191.739135742188
566	female	1	-1.50985139692428	225	180.958740988671	0.739804964539007	1.51898733126063	5.6	off	220.5
567	female	1	0.833712935249908	86	202.199007479862	0.766220901436355	1.55555559430804	3.7	off	210.0
568	male	1	-0.188516782282761	191	216.927083333333	0.706163655685441	1.8962962372449	2.3	off	110.804023742676
569	male	1	-0.756290335669299	221	214.674328039096	0.744345081536034	4.18518544294557	4.3	off	115.445022583008
570	ambiguous	1	-1.65237030961956	101	170.510371179039	0.746555323590814	3.23999991928412	5.4	off	164.55224609375
571	male	1	0.800419924907019	136	216.659602342787	0.81687898089172	4.64814843763841	5.2	off	105.502395629883
572	male	1	-0.713633294826974	217	201.503368692661	0.72852912142152	4.60784303202889	3.9	off	115.445022583008
573	ambiguous	1	0.598163848980523	41	206.475837250294	0.768841679312089	1.45652171494022	4.5	off	183.75
574	female	1	-1.04129368618037	208	205.269786799065	0.743589743589744	2.13384357854381	3.5	off	195.132736206055
575	male	1	0.310340897926648	167	198.207487309645	0.721359223300971	2.40594068896051	3.4	off	130.473373413086
576	female	1	-0.288785219888044	159	192.349137931035	0.75636192271442	1.56470592891291	5.3	off	198.648651123047
577	male	0	-0.628745536670549	-1	221.159140969163	0.739978331527627	4.21872411957872	2.4	off	135.276077270508
578	male	1	3.19427486275403	17	186.331853128314	0.757644910999544	1.8429910162619	3.6	off	121.823204040527
579	female	1	1.97076374245984	37	204.077743902439	0.7795	1.48837213010204	3.6	off	202.293579101563
580	female	1	1.106980048745	75	188.228106588109	0.778699861687414	1.65116280669434	5.6	off	188.461532592773
581	female	1	1.46409942083361	59	161.647596596136	0.756136183689628	1.52024357127725	4.6	off	220.5
582	female	1	0.610238863601532	104	206.354594832648	0.765419615773509	2.70976372278351	2.1	off	188.461532592773
583	male	0	2.24385287934101	-1	231.350806451613	0.806122448979592	1.71172217196337	4.0	off	130.473373413086
584	male	1	2.15463951600209	45	195.669195434298	0.755512943432406	1.61567887360582	4.2	off	115.445022583008
585	female	1	-2.21431320061904	244	201.272551546392	0.731262327416174	1.67105277728318	4.3	off	218.316833496094
586	male	1	-0.430926897137798	198	201.157341156268	0.7180877279448	2.8376209810554	3.5	off	132.831329345703
587	female	1	2.20714194329321	31	145.516304347826	0.771286070537941	1.49397590361446	4.1	off	218.316833496094
588	female	1	-0.837143110081388	196	215.068466952264	0.755532139093783	1.41666670097876	4.0	off	218.316833496094
589	male	0	1.07995613684106	-1	228.939332247557	0.807066741446999	4.68627442873037	4.2	off	123.876403808594
590	female	1	1.70217734289677	50	183.510117493473	0.795056179775281	1.84870375365257	5.6	off	202.293579101563
591	male	0	-3.33010367585634	-1	221.020047169811	0.701136978884678	4.26666666666667	3.8	off	104.502372741699
592	ambiguous	1	-0.89690364916441	84	191.928932277444	0.744240714621533	2.21528844786435	4.5	off	177.82258605957
593	ambiguous	1	-0.959010800644278	86	188.834967759269	0.743293246993525	3.10204067894165	3.5	off	182.231399536133
594	male	1	0.108661535856916	175	204.791302447552	0.742599096838936	4.38709685919899	1.8	off	95.8695678710938
595	female	1	-3.10440686036163	260	209.553890876565	0.728439425051335	1.65277781780855	4.3	off	227.319580078125
596	male	0	-2.22963433530095	-1	231.046597633136	0.718573046432616	6.25060189045704	1.1	off	105.0
597	male	0	-2.91960244008951	-1	200.468839132915	0.697445972495088	4.69090894158623	4.3	off	106.009613037109
598	male	1	2.83758212397628	24	187.026011176158	0.787448465414567	1.61103576233308	4.2	off	143.181823730469
599	female	1	-0.605809618907243	184	194.585755813953	0.767874165872259	2.13333333333333	5.1	off	202.293579101563
600	male	1	-0.488706444868445	205	215.33203125	0.753691983122363	5.1803800798027	2.9	off	106.52173614502
601	female	1	-0.263101706942859	156	199.671519886364	0.755381604696673	2.0303029572437	3.6	off	206.074768066406
602	male	1	1.56537136193772	74	205.8710456942	0.739283913262733	2.31000003356934	2.4	off	128.572525024414
603	female	1	-2.56814405820156	251	200.240384615385	0.754781755762629	1.90322582752439	5.0	off	245.0
604	male	0	-1.20978357732447	-1	212.853952150212	0.697601668404588	3.70909092962469	1.6	off	135.276077270508
605	male	1	-0.735426321056269	219	192.665501644737	0.72251061821614	5.90909069645555	2.2	off	104.009437561035
606	male	1	0.847488426690181	133	171.592712402344	0.705042016806723	4.61858207220472	2.7	off	121.153846740723
607	male	1	-2.50674765540519	267	206.597222222222	0.700910931174089	4.0624999437743	3.1	off	96.2882080078125
608	male	1	1.11809588938319	105	207.328539823009	0.752158456069071	1.67213113596969	3.7	off	134.451217651367
609	male	1	0.436861114273314	158	185.642828843106	0.719417917235107	3.58208971088435	4.0	off	120.491806030273
610	male	1	3.16089542602419	18	179.571729688298	0.79155672823219	2.54273191312617	4.3	off	137.8125
611	female	1	-0.644608393764696	185	188.531048819742	0.771929824561403	1.97155740835837	4.9	off	237.096771240234
612	ambiguous	1	-0.559555479982747	75	193.088942307692	0.758751182592242	3.01046221158443	3.9	off	172.265625
613	male	0	-2.9337168503831	-1	203.722826086957	0.696606786427146	5.01960778061224	4.3	off	111.928932189941
614	female	1	-0.314799407035865	161	180.679627249357	0.769469026548673	2.14035090089124	5.2	off	218.316833496094
615	male	0	-1.57826105077161	-1	229.988138089005	0.735774647887324	5.56521754535147	1.5	off	101.146789550781
616	male	1	1.25659702766134	93	214.412370347773	0.775735294117647	4.88888892272042	2.4	off	129.70588684082
617	female	1	-2.47915339534208	250	210.432260479042	0.762371134020619	2.63119171525406	5.2	off	186.864410400391
618	male	1	-0.159335423296999	187	208.930960166468	0.713408393039918	1.75863348482039	3.6	off	113.076919555664
619	ambiguous	0	-0.13037704817717	-1	230.289564220183	0.784424379232506	3.22656968355147	2.6	off	169.615386962891
620	ambiguous	1	1.61315752744256	20	206.962234982332	0.796653144016227	1.57943925780138	4.9	off	160.94889831543
621	ambiguous	1	0.0702298640366519	56	140.56875	0.708534067446662	1.83870959725798	2.3	off	177.82258605957
622	male	0	-0.808411745153322	-1	229.387646866841	0.752670039347948	3.8488493455801	4.4	off	119.189186096191
623	female	1	-2.773892083259	257	207.328539823009	0.743524631792788	2.87234045137181	3.8	off	198.648651123047
624	female	0	-0.83938501451037	-1	230.591781496063	0.761581920903955	1.49367084679789	3.2	off	220.5
625	female	1	0.268986102832676	127	190.369379739978	0.764102564102564	1.75999998538478	4.7	off	206.074768066406
626	female	1	-1.9317461140163	238	191.094004893964	0.74438202247191	2.59999996401555	4.4	off	200.454544067383
627	male	0	-0.441942179681971	-1	238.899983004759	0.720140515222482	2.86204381561191	0.800000000000001	off	106.52173614502
628	female	1	1.37583244955321	65	206.597222222222	0.773279352226721	1.62025315334467	3.5	off	200.454544067383
629	male	1	-0.587689195422036	211	217.061071649166	0.789893617021277	4.28125018072237	4.8	off	94.6351928710938
630	ambiguous	0	-1.13928059691715	-1	230.89479303548	0.731900452488688	1.5722067323023	2.6	off	172.265625
631	male	0	-2.07696535517666	-1	199.558134582624	0.685728250244379	5.723404100854	1.3	off	102.083335876465
632	male	0	-0.647607652808313	-1	178.840648854962	0.688567674113009	3.95238105904913	2.9	off	131.25
633	male	1	0.646193566315269	148	215.464055793991	0.731784582893347	5.53658515895998	0.699999999999999	off	118.548385620117
634	male	1	-1.34313815410382	244	219.090944513716	0.739130434782609	4.50000018061424	3.6	off	108.088233947754
635	ambiguous	1	0.0624579711620805	57	181.051970633694	0.709977827050998	1.62135912568746	2.6	off	168.320617675781
636	male	1	0.626183902608897	149	205.269786799065	0.75666163901458	4.40740762395484	3.3	off	111.928932189941
637	male	0	-0.0509685055965596	-1	228.641428106701	0.74733893557423	2.15660179342872	3.8	off	113.076919555664
638	ambiguous	1	0.236060075875533	53	178.658807829181	0.751859956236324	2.23488010277157	4.4	off	173.622039794922
639	ambiguous	1	0.240314273504514	52	193.620867768595	0.728178368121442	2.01739056299603	2.3	off	177.82258605957
640	male	0	1.03025352320495	-1	249.944434566145	0.813839559093693	4.57142857142857	3.3	off	123.184356689453
641	male	1	-1.58124017868971	252	218.954439252336	0.743562231759657	4.67857123431474	3.6	off	102.558135986328
642	male	1	0.102998227154279	176	196.654658645775	0.756743737957611	5.56521754535147	3.6	off	109.70149230957
643	male	1	0.661465958708341	147	211.572471402769	0.730430274753758	3.52173922548066	1.5	off	108.088233947754
644	female	0	1.6057763774549	-1	224.264119336311	0.813186813186813	1.85388682745562	4.7	off	188.461532592773
645	male	0	-1.55995124872427	-1	212.339501510574	0.68366285119667	2.39922710225385	2.7	off	130.473373413086
646	male	1	0.501540473364078	155	186.628717472119	0.723034734917733	3.8673685515873	2.1	off	99.7737579345703
647	ambiguous	1	1.35564576107226	24	197.761325267304	0.762112403100775	1.66666655940534	3.4	off	175.0
648	male	1	0.0749451969538518	180	203.722826086957	0.699600798403194	1.88188967392194	2.8	off	114.24870300293
649	female	1	-2.22911276051578	245	194.909525790349	0.712171837708831	1.62650612427088	4.0	off	204.16667175293
650	female	1	-1.63781788808529	230	207.941937869822	0.782985226693836	2.71960765351606	5.2	off	206.074768066406
651	ambiguous	1	1.0372177956422	30	170.925036478599	0.742988698200084	1.66666659977251	4.1	off	182.231399536133
652	female	1	-0.356497387227248	166	208.682823634204	0.767382413087935	1.97014932462607	4.5	off	193.421051025391
653	male	1	1.15236610779858	104	161.054938130156	0.729495268138801	4.97777777777778	4.1	off	123.184356689453
654	ambiguous	1	-0.186948964040322	64	204.077743902439	0.751	1.98924733867119	3.7	off	165.789474487305
655	male	0	-1.43102676091037	-1	237.286883862255	0.734883720930233	3.77777791894753	2.6	off	132.831329345703
656	female	1	1.76286582279191	44	173.713235294118	0.779668226286687	1.86922864849065	4.2	off	227.319580078125
657	female	1	2.75510480234735	15	189.547936893204	0.782265552460539	1.44086013329258	4.3	off	188.461532592773
658	female	1	-0.40045418048864	170	212.4678808948	0.773555439875065	1.44318184814265	5.6	off	196.875
659	male	1	-0.388115678296462	196	195.342898832685	0.711961722488038	4.86956535218254	2.9	off	121.823204040527
660	male	0	0.680938548899533	-1	223.978250478011	0.777167947310648	4.64150952710923	3.2	off	114.84375
661	female	1	2.21981083966367	30	175.798836918459	0.756349547998278	1.54878053281919	3.1	off	212.019226074219
662	male	1	-1.75982483801085	256	215.596242331288	0.723190702588484	5.77777769781234	2.3	off	106.009613037109
663	male	0	0.815827835163786	-1	231.655817402769	0.73950056753689	1.84947374516393	2.6	off	121.153846740723
664	female	1	-0.482733691563352	175	196.544672818792	0.77563793933558	1.48648643916806	5.0	off	247.752807617188
665	ambiguous	0	-0.0232602798412564	-1	222.842025998732	0.786026200873362	2.7116443907495	3.7	off	176.399993896484
666	male	1	1.08715372429837	107	189.547936893204	0.71819870009285	4.81250006993612	1.2	off	113.076919555664
667	ambiguous	1	0.404932556658167	45	215.068466952264	0.785563751317176	3.02222218875976	3.2	off	182.231399536133
668	male	0	-1.71312997244064	-1	228.641428106701	0.722689075630252	1.75213672182441	3.6	off	142.258071899414
669	male	1	-0.882005819699218	226	209.30427337701	0.702564102564103	1.78455698739663	2.9	off	101.612899780273
670	male	0	3.63734671406993	-1	223.550811068702	0.778203723986857	2.1153845831796	1.0	off	125.284088134766
671	male	0	0.939670091307397	-1	188.429959785523	0.685279187817259	2.56362769041584	1.6	off	117.914436340332
672	ambiguous	1	1.79806108488473	19	182.46203271028	0.761394101876676	1.9047619047619	3.4	off	177.82258605957
673	male	1	2.58777749076464	30	195.56030884808	0.813218390804598	3.70370379597151	4.4	off	137.8125
674	male	1	-0.0833933575397664	183	215.33203125	0.743143459915612	1.65420562293042	3.0	off	148.986480712891
675	female	1	0.815019369846068	89	203.840994779582	0.771342985521717	1.52500002954877	3.5	off	225.0
676	ambiguous	0	-0.1128332014659	-1	225.994774919614	0.779623477297896	2.27360382401282	3.8	off	183.75
677	male	1	2.12356169948587	47	211.191030649038	0.769787894464563	2.79442122975576	3.3	off	122.161605834961
678	male	1	1.81682825194609	57	183.990510471204	0.745831455610635	3.30981784620862	3.7	off	123.876403808594
679	female	1	0.508097485554586	114	178.38673857868	0.794670161642639	2.63829773358535	5.2	off	218.316833496094
680	male	1	1.28443826163395	92	161.424839228296	0.737549407114624	4.01843595271986	5.3	off	118.868789672852
681	female	1	-1.05822852524022	210	206.962234982332	0.790567951318458	2.47916672671283	5.0	off	222.727279663086
682	ambiguous	1	0.96839356666413	33	172.943836122047	0.75434138077086	2.10810792137802	4.2	off	173.622039794922
683	ambiguous	1	-1.43108816103082	97	213.112113402062	0.739425587467363	1.46491219858948	4.6	off	162.132354736328
684	male	1	3.38467549242269	15	166.708669354839	0.766026949775419	4.62000006713867	3.1	off	122.5
685	male	1	1.07810142251796	108	191.719517184943	0.71488961953969	2.19952190164128	3.3	off	121.823204040527
686	male	0	-1.99190063354861	-1	253.551136363636	0.741454319453076	3.73670325265201	2.5	off	105.502395629883
687	male	1	0.400955969941619	161	191.928932277444	0.743770568876352	5.15686284501865	1.7	off	94.6351928710938
688	male	1	0.931792178395717	124	212.339501510574	0.763267429760666	3.2820735643018	3.8	off	126.0
689	male	1	-0.807566048649674	223	206.597222222222	0.757591093117409	3.48148164530811	4.6	off	144.117645263672
690	male	1	3.44699333181781	14	192.454476998905	0.786421499292786	3.54545463132652	2.3	off	132.831329345703
691	ambiguous	1	-0.945335574154213	85	200.012450199203	0.760901518863302	2.85454539528436	4.3	off	173.622039794922
692	female	1	-3.1895699930727	261	215.33203125	0.72415611814346	1.97923402826589	4.3	off	193.421051025391
693	female	1	-1.07003033264586	211	194.370506084071	0.749523809523809	1.70769231005578	3.7	off	245.0
694	female	1	1.6752835846989	53	207.818968066233	0.776985743380855	1.69879521481474	3.5	off	188.461532592773
695	female	1	0.0834623281906928	138	196.215452261307	0.802498798654493	2.63265299563903	5.3	off	212.019226074219
696	ambiguous	1	-0.262044442685365	65	196.875	0.733847637415622	1.54545448128648	3.7	off	162.132354736328
697	male	1	0.851899480207502	131	196.875	0.755544840887175	3.76000008326247	3.6	off	132.831329345703
698	female	1	2.91869895331654	10	189.752632289417	0.824349442379182	1.39024389474254	5.9	off	225.0
699	female	1	-0.55792007121779	180	206.475837250294	0.779969650986343	1.49999992318705	5.0	off	239.673919677734
700	male	1	0.775105151433479	137	206.962234982332	0.73580121703854	3.28205144557823	2.1	off	107.038833618164
701	female	1	1.10241628155972	76	187.725360576923	0.79448275862069	1.88571904728698	4.9	off	230.896392822266
702	female	1	-0.382119492833895	169	197.761325267304	0.746608527131783	1.37500000951512	3.5	off	234.574462890625
703	ambiguous	1	-0.521883873042897	72	174.31640625	0.719897523484202	1.63157891349642	4.3	off	177.82258605957
704	male	1	-0.877554130983371	225	201.503368692661	0.74284304047384	5.14515044312137	4.3	off	111.928932189941
705	male	0	-0.943355226096316	-1	230.591781496063	0.766101694915254	4.58139553747392	3.5	off	135.276077270508
706	male	1	2.08119985550284	49	208.930960166468	0.799385875127943	5.79545438703963	1.8	off	103.521125793457
707	female	1	1.74015012970988	45	186.529657643312	0.780264961169484	1.59493669782366	4.2	off	220.5
708	female	1	0.359843431632639	122	205.389757451783	0.785103170608958	1.43529419511946	5.4	off	214.077667236328
709	male	1	-0.915773497863276	228	211.82753164557	0.69901401141671	1.80701755136248	2.5	off	138.679244995117
710	female	1	-2.80756502673215	258	197.538996627319	0.731978713110789	2.85106364038302	3.9	off	193.421051025391
711	ambiguous	1	-0.121102479952913	61	207.941937869822	0.740193581253184	1.76957573251549	3.0	off	168.320617675781
712	female	1	0.588176660668623	106	202.548631123919	0.759801488833747	1.53409092289176	4.2	off	188.461532592773
713	male	1	0.618412199422804	150	195.88733277592	0.75767754318618	1.93333333801592	4.2	off	147.986572265625
714	ambiguous	1	-2.7346763250543	108	199.331749858196	0.71044921875	3.15384612765629	2.8	off	165.789474487305
715	male	1	-1.41851032080558	249	202.665441176471	0.736345580933466	6.00000018684232	2.7	off	98.0
716	male	1	1.30522534944317	90	189.241720516963	0.770514603616134	3.34237613962433	5.3	off	126.724136352539
717	ambiguous	1	2.17784354326436	15	208.558976261128	0.791006642820644	1.71442870639575	3.6	off	180.737701416016
718	male	1	0.872661799452622	129	198.431324110672	0.742829363150219	1.72578201559977	4.7	off	127.456649780273
719	female	1	-0.12704918000676	150	215.33203125	0.801160337552743	2.55319143282313	4.3	off	214.077667236328
720	male	1	1.49721736711914	79	202.199007479862	0.70975730559683	2.02343757841322	0.5	off	104.009437561035
721	male	1	-0.484054460690317	204	183.701973340303	0.696806117858749	1.57142856218531	2.9	off	151.027404785156
722	male	0	-0.688170986788699	-1	238.737686820652	0.733177296664716	1.86610974244716	3.0	off	130.473373413086
723	female	0	-0.211734975034303	-1	223.408693579148	0.770114942528736	1.41860471399073	3.9	off	214.077667236328
724	male	0	-1.06008404018479	-1	235.85360738255	0.75606936416185	4.50909074059312	3.4	off	112.5
725	male	1	1.11745463013947	106	186.827153110048	0.763386727688787	3.60811049501875	4.7	off	131.25
726	ambiguous	1	0.359840077297094	47	213.112113402062	0.780678851174935	1.64705880301339	4.9	off	165.789474487305
727	female	1	2.52275316694317	22	188.228106588109	0.795297372060857	1.54216872165533	4.7	off	210.0
728	male	1	-1.16244004909115	237	214.543269230769	0.716237519705728	3.89583340477601	1.3	off	147.986572265625
729	male	0	-0.715975840123874	-1	221.437854442344	0.742810634834509	2.87367658657335	4.4	off	127.456649780273
730	male	1	1.24224690531275	96	186.134467690678	0.751025991792066	4.64814843763841	3.6	off	115.445022583008
731	female	1	-1.58720187478942	227	213.112113402062	0.766057441253264	1.49999996263154	4.6	off	245.0
732	ambiguous	1	0.629116088699933	39	202.082734330075	0.774752475247525	1.90134830888531	4.5	off	182.231399536133
733	female	1	1.71652943665705	49	180.58678057554	0.776647501105705	1.64999998629823	5.2	off	193.421051025391
734	male	1	1.72592617706031	60	181.801280393171	0.791184327693678	4.25487030945085	5.0	off	136.111114501953
735	male	0	-4.02523404678908	-1	251.915322580645	0.73641975308642	5.61363621213367	4.0	off	108.088233947754
736	male	1	0.384212398454414	164	195.125971682399	0.736137667304015	6.27500023448711	1.3	off	107.560974121094
737	female	1	0.240529570967757	131	172.18122243998	0.771404470687474	1.46478878713127	5.4	off	250.568176269531
738	male	1	-1.90034765718075	261	211.95529252111	0.722222222222222	5.8181816893424	2.5	off	104.009437561035
739	male	1	0.851571159214403	132	214.1510511883	0.792759706190976	5.02222240641953	4.3	off	114.24870300293
740	male	1	3.83132489066626	7	195.125971682399	0.813097514340344	4.77083341256832	3.0	off	124.576271057129
741	female	1	0.751534626420801	94	181.707277662875	0.767690253671562	2.13846165388857	4.8	off	190.086212158203
742	male	1	1.24565947400798	95	182.841766389178	0.751903269144648	4.83333351394757	3.1	off	108.088233947754
743	male	1	-2.94314024811887	271	198.54343220339	0.727626459143969	6.3409090294776	4.3	off	97.1365661621094
744	male	0	-1.31105193717564	-1	237.929502369668	0.744606413994169	2.06935437945178	3.7	off	139.55696105957
745	female	1	5.04145512073675	1	156.674933125279	0.815113156885309	1.5116279237137	5.2	off	200.454544067383
746	female	1	-2.71890381171316	256	215.464055793991	0.734424498416051	1.54430381670444	4.1	off	227.319580078125
747	ambiguous	1	1.13842202818673	29	184.376639559286	0.771906052393857	2.90173902658325	3.4	off	155.281692504883
748	female	1	2.90616802946086	11	158.583878610108	0.778252427184466	1.70721107160847	5.1	off	186.864410400391
749	male	1	3.72705836524068	8	193.727604740904	0.799715234931182	1.44186051899639	4.1	off	134.451217651367
750	male	1	1.35663724878671	87	182.272756742739	0.739285714285714	4.71889130008904	3.1	off	117.287231445313
751	male	1	-1.83638500254665	258	209.30427337701	0.732820512820513	5.70907631351456	4.3	off	114.84375
752	male	1	-0.859621512052136	224	217.733503717472	0.738133333333333	5.33333333333333	2.5	off	110.25
753	male	0	-1.9943686661162	-1	220.189144736842	0.706040992448759	3.44394620736949	3.4	off	129.70588684082
754	female	1	0.448173077981038	118	217.329545454545	0.802449414270501	1.57894743835034	5.3	off	218.316833496094
755	female	1	-0.155616436997191	152	209.1796875	0.75602255253716	1.59523802458732	3.8	off	204.16667175293
756	ambiguous	1	0.205653197525058	55	163.376046025105	0.745098039215686	2.22476765950521	4.9	off	169.615386962891
757	female	1	1.56816037672839	55	166.156914893617	0.764035801464605	1.53749997765677	4.7	off	220.5
758	male	1	1.05358397744982	117	195.017688679245	0.734352603917821	1.90168179351933	3.9	off	128.947372436523
759	female	1	-1.79672985217373	237	194.155732044199	0.75511174512601	2.17191705266719	5.9	off	188.461532592773
760	male	0	-2.80651236447206	-1	223.125	0.717878622197922	5.17021281246926	3.9	off	111.928932189941
761	female	0	-0.0665864880507681	-1	222.418908227848	0.809264305177112	1.47499997142005	5.9	off	227.319580078125
762	male	1	1.20718924719994	99	206.71875	0.726075949367089	2.65209651820172	1.6	off	130.473373413086
763	male	1	1.05013676965661	118	206.23349471831	0.718039413845377	1.94354847855352	2.7	off	118.548385620117
764	female	1	0.954803313321583	81	189.139868137783	0.738767948124131	1.62167970724982	2.8	off	198.648651123047
765	female	1	0.49790606309605	116	217.464031559406	0.815663292488013	1.75000006176177	5.5	off	227.319580078125
766	female	0	0.568684033326036	-1	234.437541694463	0.795519816197588	1.48863626886265	4.7	off	188.461532592773
767	male	1	-0.173238655502067	189	196.764767637178	0.75710843373494	5.13333340793186	4.9	off	116.052635192871
768	ambiguous	0	-0.248914013232758	-1	228.047939649578	0.758100558659218	1.57303369915675	3.4	off	183.75
769	male	1	0.890588216378111	127	177.755121396055	0.738354375272094	4.42376371246083	3.5	off	108.62068939209
770	male	1	1.74449983468322	58	191.719517184943	0.753405354626585	5.18181811010093	2.6	off	119.836959838867
771	female	0	-1.1998156870947	-1	222.98342322335	0.787431693989071	1.74626878843561	4.8	off	237.096771240234
772	male	1	3.85221931479852	6	191.40625	0.779184247538678	4.41666651384811	1.8	off	119.836959838867
773	female	1	-1.22036348600835	214	200.8125	0.74028529267093	1.66249999194675	4.4	off	202.293579101563
774	ambiguous	1	-0.482729484676827	70	200.468839132915	0.769155206286837	2.1548451700291	5.2	off	167.045455932617
775	female	1	1.44831000166218	60	201.387893982808	0.803650715342871	2.19999998173097	4.6	off	204.16667175293
776	male	0	-0.4718651611694	-1	229.23801369863	0.749438202247191	4.51760502496114	2.5	off	128.947372436523
777	ambiguous	1	1.20572046109336	28	169.605152027027	0.78031561461794	1.7228916568765	6.3	off	182.231399536133
778	male	1	-2.33084212352933	265	210.180547248804	0.713182286302781	5.91111108247733	2.7	off	105.0
779	male	0	0.589781630442286	-1	249.589399857955	0.818348623853211	4.19565235102211	3.6	off	133.636367797852
780	female	0	1.09842750950099	-1	230.743187787262	0.79479932165065	1.82084931094564	3.6	off	193.421051025391
781	male	1	0.901224114940153	126	210.558343319353	0.768953068592058	4.33333327335926	3.0	off	108.088233947754
782	ambiguous	1	-1.37528115345713	96	195.88733277592	0.718809980806142	1.76851861764875	3.8	off	158.633087158203
783	ambiguous	1	2.17844154373551	14	156.884765625	0.759892431809451	1.73863634679225	4.2	off	180.737701416016
784	male	1	1.5780546232386	73	195.56030884808	0.734674329501916	4.92942388197993	1.5	off	121.153846740723
785	female	1	-2.61788935173715	252	214.543269230769	0.769311613242249	1.81538460533452	5.2	off	247.752807617188
786	female	0	-2.07691337972469	-1	240.699914383562	0.740412979351032	1.52357556153994	3.4	off	186.864410400391
787	male	0	1.67204938312806	-1	242.862387698687	0.795833333333333	3.65213490746903	2.7	off	119.189186096191
788	male	0	-1.25229511817508	-1	228.344298245614	0.740346950195859	4.82222238573616	3.6	off	119.189186096191
789	male	1	1.45606193115505	82	200.583261986301	0.756265356265356	1.65139111200098	4.6	off	127.456649780273
790	female	1	2.35628704450947	27	155.979527296937	0.763941940412529	1.52564501842404	4.6	off	202.293579101563
791	ambiguous	1	3.3839264698136	6	195.88733277592	0.833013435700576	1.650485359227	5.7	off	165.789474487305
792	male	1	-1.23118184439925	241	214.281631097561	0.737007874015748	3.96226428803943	4.2	off	130.473373413086
793	male	1	2.40034484722019	36	192.665501644737	0.770646531382728	4.34000014716255	2.6	off	128.197677612305
794	female	1	-3.09907346971818	259	214.1510511883	0.743966421825813	1.58441567651564	5.5	off	218.316833496094
795	male	1	1.4481200677538	84	208.18831457346	0.750637429882713	1.7016129049921	3.4	off	130.473373413086
796	female	0	-3.35513504380088	-1	220.603813559322	0.78	2.73333329361204	5.1	off	234.574462890625
797	male	1	-0.906574464284684	227	212.596415607985	0.7390625	6.70731715439735	0.5	off	93.8297882080078
798	ambiguous	0	-1.79965662749599	-1	233.969290945406	0.775229357798165	2.6742849068264	4.5	off	176.399993896484
799	male	1	3.95793150310524	5	165.530793688177	0.808269152817187	3.83333353626485	3.6	off	145.065795898438
800	male	0	-4.73867720106803	-1	213.500531591738	0.639121338912134	5.58333308605561	0.600000000000001	off	94.2307662963867
801	male	1	-0.698356785076724	215	196.764767637178	0.748915662650602	5.5015908247093	4.7	off	114.24870300293
802	male	0	-0.208494472817346	-1	220.46541718946	0.75634792004322	3.25000007196889	4.1	off	129.70588684082
803	male	1	2.94858912068111	22	184.861586007365	0.786328655500226	4.93750016913123	3.5	off	118.548385620117
804	male	0	1.1618767180194	-1	220.051268002505	0.737466307277628	4.18518544294557	1.1	off	120.491806030273
805	male	0	-6.35067302736632	-1	213.370901639344	0.668060637741767	7.02500012882605	3.1	off	88.5542144775391
806	male	0	-1.7287989915719	-1	232.883946322068	0.734018264840183	5.53665158219707	0.699999999999999	off	93.037971496582
807	female	1	-1.78741602078733	236	202.199007479862	0.772164437840515	1.51351345486111	6.1	off	239.673919677734
808	male	1	-0.330891666259207	194	191.094004893964	0.712078651685393	4.72222231535504	2.8	off	113.076919555664
809	male	0	1.73550547877737	-1	220.46541718946	0.788222582387898	4.59590379664023	3.0	off	118.548385620117
810	ambiguous	0	-0.18721890030013	-1	229.387646866841	0.779651489600899	1.59828149694047	4.6	off	182.231399536133
811	male	1	1.07031324673941	113	155.703090385467	0.759054517727793	5.61702110556656	3.9	off	100.684928894043
812	male	1	1.66431849333048	67	207.328539823009	0.803453529710513	4.6321106400775	3.5	off	138.245880126953
813	male	1	0.836991934018884	134	209.429007747318	0.718317085684967	1.82312823282398	2.5	off	114.24870300293
814	male	1	1.58932953219384	71	198.095758173619	0.778748180494905	5.40909092032032	3.3	off	125.284088134766
815	female	1	-2.17161435927199	243	200.8125	0.744220363994097	2.63265299563903	4.1	off	196.875
816	male	1	-1.11287858227367	234	212.982954545455	0.765657620041754	4.11363628535289	4.5	off	145.065795898438
817	male	0	-2.44739610185596	-1	266.027157456472	0.793350717079531	3.48979580969376	4.0	off	153.125
818	male	1	0.524594500527661	154	210.558343319353	0.744198040226921	3.93333325712012	2.8	off	113.659790039063
819	female	0	-5.37287641323213	-1	220.74238379397	0.710113574905354	2.44444448504228	4.0	off	210.0
820	female	1	2.65452978266218	16	166.392933238636	0.794621026894866	2.06681951659576	4.7	off	216.176467895508
821	male	0	-0.565806356457215	-1	228.196022727273	0.701901565995526	1.72131144205729	2.1	off	126.724136352539
822	male	1	2.66523017313901	27	182.651702182952	0.802684563758389	5.32608710394965	4.1	off	110.804023742676
823	female	1	-0.469457372373208	174	202.315414507772	0.790386521308226	2.88579538140487	4.3	off	210.0
824	male	1	1.07765311826632	109	206.112536656891	0.707070707070707	1.64200859334035	2.0	off	116.052635192871
825	male	1	3.32854276583985	16	189.343682650862	0.783858998144712	3.17202944381309	3.1	off	129.70588684082
826	male	0	0.594119837648635	-1	229.837720732505	0.791666666666667	4.6999999512134	3.8	off	124.576271057129
827	male	1	-0.938928151596354	229	207.206294221698	0.75989847715736	4.72421021125451	5.0	off	132.035934448242
828	male	1	0.41799976267522	160	211.82753164557	0.772184743124027	1.70175442835954	4.9	off	142.258071899414
829	male	1	-1.37320035165434	246	216.793260333128	0.703133297928837	4.01109794922965	2.0	off	108.62068939209
830	female	1	2.2489419008023	29	195.451543381535	0.77501196744854	1.80555553056636	3.0	off	200.454544067383
831	male	1	0.734254619004421	140	218.410114978247	0.765650080256822	4.74074085884354	1.7	off	103.037384033203
832	female	1	0.711882764925031	98	202.548631123919	0.789081885856079	1.70562332181814	4.8	off	218.316833496094
833	female	1	-2.23594355789673	247	193.834459459459	0.752136752136752	2.48979596661023	4.9	off	212.019226074219
834	male	1	1.71043405350492	64	152.792119565217	0.720164609053498	2.10344837484316	3.9	off	129.70588684082
835	female	0	-2.24166216130334	-1	222.137721238938	0.746869896570495	2.40266579801876	2.9	off	212.019226074219
836	male	1	0.668404895648575	146	213.112113402062	0.766579634464752	2.2347413390858	4.8	off	129.70588684082
837	female	1	0.840010635723349	85	191.719517184943	0.770784405824331	1.69333340598501	4.2	off	216.176467895508
838	male	1	-0.562118563389654	210	184.958881578947	0.747621205256004	5.42553176659029	4.9	off	109.158416748047
839	male	0	1.16468309529594	-1	228.047939649578	0.757541899441341	2.60674148644711	2.5	off	114.24870300293
840	female	1	1.11744465217066	74	155.084675639894	0.778579567033802	1.53749997765677	6.2	off	222.727279663086
841	male	0	-4.01025116953432	-1	220.46541718946	0.718530524041059	6.11590119838619	3.9	off	98.0
842	male	1	-2.12772103880901	262	209.1796875	0.724243977447463	5.43181803522246	4.0	off	110.25
843	male	1	0.0840775335826651	178	214.281631097561	0.742782152230971	3.50172383629165	3.3	off	127.456649780273
844	male	0	-0.826196067460458	-1	224.12109375	0.71224601867106	2.9788751681522	2.7	off	123.876403808594
845	ambiguous	1	-1.30451580036024	94	198.880517826825	0.729663906478324	2.91525422114909	2.7	off	160.94889831543
846	male	0	-2.18962802814998	-1	238.413755088195	0.748831775700935	5.72727260044643	3.1	off	108.62068939209
847	male	0	-1.07685737734684	-1	220.327194357367	0.778077753779698	5.75555577859762	4.4	off	106.009613037109
848	male	0	-0.185479031768169	-1	224.407327586207	0.761407366684992	4.43137265634878	4.0	off	120.491806030273
849	female	1	-0.694932794628352	187	196.10595703125	0.768011527377522	1.52500002954877	5.7	off	218.316833496094
850	female	0	-0.177463269931656	-1	221.99739418825	0.789015769439913	1.4499999598635	4.8	off	225.0
851	male	0	0.434047965883962	-1	228.641428106701	0.766946778711485	4.66666672156602	2.3	off	111.928932189941
852	male	1	0.387399397593845	163	217.464031559406	0.779968034096963	3.89583340477601	3.0	off	146.026489257813
853	female	0	-1.48632051092054	-1	221.159140969163	0.752979414951246	1.95522388600914	3.3	off	214.077667236328
854	male	1	1.06694067013729	114	191.719517184943	0.76139032409582	5.8181816893424	2.4	off	106.52173614502
855	male	1	-1.40720444956053	248	218.410114978247	0.739967897271268	5.17391331200768	4.2	off	118.548385620117
856	male	1	-0.604947797651617	212	212.083207604104	0.708051948051948	4.34545449433399	1.9	off	115.445022583008
857	male	1	1.96106623827247	52	205.509868421053	0.775427995971803	3.76199033396748	2.4	off	135.276077270508
858	male	1	-0.67238824770119	214	218.818103985056	0.764611260053619	5.52272732241034	3.9	off	113.076919555664
859	male	0	-2.46720777605467	-1	193.301361386139	0.694602272727273	5.75555577859762	2.8	off	101.612899780273
860	ambiguous	1	0.616842367070837	40	175.535402097902	0.752364574376612	1.9861111550921	4.5	off	179.268295288086
861	male	0	1.59570577809108	-1	224.12109375	0.780889621087315	4.17999986983319	2.2	off	128.197677612305
862	ambiguous	1	1.29118332125867	25	174.489510923535	0.755128205128205	1.79674855412289	4.2	off	180.737701416016
863	male	0	-1.63647928833579	-1	250.478884533143	0.738489871086556	4.244541877221	1.1	off	99.3243255615234
864	female	1	-0.552397636757247	179	194.801482815965	0.742843511450382	1.54117645992316	4.5	off	200.454544067383
865	ambiguous	0	-3.07343824109737	-1	234.12516655563	0.740676993689042	2.79999987211682	3.6	off	170.930236816406
866	ambiguous	1	-0.626088072213966	77	183.798051778243	0.768122467357046	3.54490183958647	4.4	off	165.789474487305
867	male	1	1.72174369775208	61	193.514248348018	0.78436018957346	5.27906977474818	4.2	off	121.823204040527
868	male	0	-2.66343454232712	-1	236.012004701142	0.746096009253904	5.79545438703963	3.5	off	106.009613037109
869	female	1	-1.60887256420633	228	193.620867768595	0.757115749525617	2.10450703972974	4.9	off	222.727279663086
870	male	1	2.71727778790497	25	185.251383763838	0.768148820326679	3.51811507936508	2.7	off	106.52173614502
871	ambiguous	0	-1.38119374420587	-1	221.020047169811	0.763941526800217	1.65686271643396	5.4	off	167.045455932617
872	ambiguous	1	-1.48923656006916	99	174.057392273403	0.725063938618926	2.95918359155817	4.0	off	180.737701416016
873	ambiguous	1	-2.05395890236743	104	217.061071649166	0.753191489361702	2.12540998342597	5.1	off	173.622039794922
874	ambiguous	1	-1.86517744767742	102	193.834459459459	0.745963912630579	3.0625	4.5	off	179.268295288086
875	female	1	0.968453015022121	79	196.434809949693	0.781039461020212	1.5087640442288	4.8	off	216.176467895508
876	male	0	-0.994058940100464	-1	227.016715116279	0.741935483870968	4.12962982681363	3.5	off	126.0
877	female	1	-2.70775775809661	255	208.806818181818	0.744245524296675	2.50980389030612	4.3	off	200.454544067383
878	male	1	-0.157742205908512	186	218.003644540943	0.77724358974359	4.59615372211131	4.8	off	126.0
879	male	0	-0.93070586745614	-1	245.064069037657	0.744744744744745	4.21568636786312	1.8	off	130.473373413086
880	female	0	-0.80044555303769	-1	223.693109484405	0.774794520547945	2.20576320003564	4.1	off	193.421051025391
881	ambiguous	1	-1.13900121073623	92	200.126352505695	0.733823529411765	1.79907469321669	4.2	off	180.737701416016
882	male	0	-1.50531803608324	-1	208.682823634204	0.698875255623722	4.02712020355017	2.9	off	113.076919555664
883	male	0	-0.382816601283878	-1	237.126771255061	0.747239976757699	4.11250888616866	2.1	off	127.456649780273
884	male	1	1.25012395868981	94	207.206294221698	0.761421319796954	3.7315542648845	2.8	off	131.25
885	male	0	-0.84039295818679	-1	235.537449731904	0.76803231390652	2.86956511611736	3.3	off	147.986572265625
886	female	1	1.28727536630406	69	190.26631023281	0.79403541472507	2.4814814333997	4.5	off	198.648651123047
887	female	1	1.2080248734523	73	211.82753164557	0.770108977685522	1.55813950469284	3.5	off	193.421051025391
888	male	1	0.329437142628526	166	199.898677474403	0.753672869735553	4.27191764663659	3.4	off	135.276077270508
889	male	1	-0.166036519272398	188	216.927083333333	0.729543039319873	2.34020931280372	3.4	off	128.947372436523
890	male	0	-2.46798254773723	-1	210.558343319353	0.684889118102115	4.22332784341471	3.2	off	126.0
891	male	1	-0.482317640937784	203	199.78503411029	0.736661771904063	5.13043482521235	3.8	off	115.445022583008
892	male	0	-1.43105731015744	-1	190.369379739978	0.696037296037296	5.68181825259179	2.3	off	108.62068939209
893	male	1	-0.481185521627895	202	210.684577338129	0.727929788332473	3.60818990415462	2.3	off	139.55696105957
894	female	1	-1.64740446281723	231	194.909525790349	0.743198090692124	2.55555562983114	4.2	off	190.086212158203
895	male	1	-0.471308565931187	199	186.233108108108	0.717609489051095	4.34042548986433	3.4	off	133.636367797852
896	male	0	-1.11256215999784	-1	222.98342322335	0.702185792349727	3.76562506254028	1.8	off	114.24870300293
897	female	1	1.389301574719	64	183.414339770355	0.746630727762803	1.57471269053589	3.6	off	190.086212158203
898	male	1	1.72085045036794	62	182.272756742739	0.730803571428571	3.45670690021904	2.4	off	110.25
899	male	0	-1.3104961558172	-1	199.21875	0.691068814055637	3.43305959470559	2.8	off	107.560974121094
900	male	1	1.60096301932885	70	193.727604740904	0.745609871855719	2.52439027971388	3.3	off	130.473373413086
901	male	1	-1.68128095939334	253	212.725105932203	0.724335591453882	3.33496485609717	4.3	off	134.451217651367
902	male	1	-0.231851328929156	192	202.665441176471	0.746772591857001	4.78723393654337	3.8	off	128.197677612305
903	ambiguous	0	-1.58694586628045	-1	224.694293478261	0.765969162995595	3.04081642753562	3.7	off	176.399993896484
