voice_index	voice_number	speed	pitch	volume	noise	noise_w	silence	narratorScore	sex	gain	wpm	newSpeed	newVol	sexConfidence
0	0	0.8	1	1	0.667	0.3	0.3	1	ambiguous	1	206	1	1	0
1	1	0.8	1	1	0.667	0.3	0.3	1	ambiguous	1	206	1	1	0
2	2	0.8	1	1	0.667	0.3	0.3	1	ambiguous	1	206	1	1	0
3	3	0.8	1	1	0.667	0.3	0.3	1	ambiguous	1	206	1	1	0
4	4	0.8	1	1.17	0.667	0.8	0.3	2.43	female	-2.3	214.67	0.83	1.17	0.48
5	5	0.8	1	1.38	0.667	0.8	0.3	-2.11	male	-3.7	221.86	0.86	1.38	0.14
6	6	0.8	1	1.38	0.667	0.8	0.3	1.58	male	-3.7	200.93	0.78	1.38	0.27
7	7	0.8	1	1.55	0.667	0.8	0.3	-2.14	male	-4.7	196.88	0.76	1.55	0.21
8	8	0.8	1	1.41	0.667	0.8	0.3	-0.33	male	-3.9	222.42	0.86	1.41	0.39
9	9	0.8	1	1.6	0.667	0.8	0.3	-1.21	female	-5	236.01	0.92	1.6	0.52
10	10	0.8	1	1.32	0.667	0.8	0.3	-0.94	female	-3.3	229.39	0.89	1.32	0.58
11	11	0.8	1	1.39	0.667	0.8	0.3	-1.74	female	-3.8	246.61	0.96	1.39	0.79
12	12	0.8	1	1.55	0.667	0.8	0.3	-1.29	female	-4.7	204.91	0.8	1.55	0.8
13	13	0.8	1	1.78	0.667	0.8	0.3	0.63	female	-5.9	234.75	0.91	1.78	0.31
14	14	0.8	1	1.56	0.667	0.8	0.3	-1.65	female	-4.8	214.94	0.83	1.56	0.1
15	15	0.8	1	1.75	0.667	0.8	0.3	2.63	female	-5.8	203.37	0.79	1.75	0.43
16	16	0.8	1	1.48	0.667	0.8	0.3	0.69	male	-4.3	231.35	0.9	1.48	0.8
17	17	0.8	1	1.33	0.667	0.8	0.3	0.56	ambiguous	-3.4	200.58	0.78	1.33	0.13
18	18	0.8	1	1.38	0.667	0.8	0.3	1	female	-3.7	213.37	0.83	1.38	0.8
19	19	0.8	1	1.32	0.667	0.8	0.3	0.95	male	-3.3	248.18	0.96	1.32	0.8
20	20	0.8	1	1.44	0.667	0.8	0.3	-0.1	female	-4.1	189.55	0.74	1.44	0.49
21	21	0.8	1	0.95	0.667	0.8	0.3	-0.57	male	-0.5	235.22	0.91	0.95	0.41
22	22	0.8	1	1.11	0.667	0.8	0.3	-1.87	male	-1.8	218.95	0.85	1.11	0.54
23	23	0.8	1	1.71	0.667	0.8	0.3	1.4	female	-5.6	203.96	0.79	1.71	0.4
24	24	0.8	1	1.48	0.667	0.8	0.3	0.3	male	-4.3	201.04	0.78	1.48	0.48
25	25	0.8	1	1.21	0.667	0.8	0.3	-3.26	ambiguous	-2.6	231.35	0.9	1.21	0.14
26	26	0.8	1	1.58	0.667	0.8	0.3	-3	ambiguous	-4.9	198.43	0.77	1.58	0.27
27	27	0.8	1	1.24	0.667	0.8	0.3	0.83	male	-2.8	223.27	0.87	1.24	0.21
28	28	0.8	1	1.33	0.667	0.8	0.3	-0.71	male	-3.4	229.24	0.89	1.33	0.39
29	29	0.8	1	1.82	0.667	0.8	0.3	-2.23	female	-6.1	215.07	0.84	1.82	0.52
30	30	0.8	1	1.44	0.667	0.8	0.3	-1	female	-4.1	221.02	0.86	1.44	0.58
31	31	0.8	1	1.17	0.667	0.8	0.3	-2.83	male	-2.3	236.81	0.92	1.17	0.79
32	32	0.8	1	1.2	0.667	0.8	0.3	0.41	male	-2.5	223.55	0.87	1.2	0.8
33	33	0.8	1	1.24	0.667	0.8	0.3	0.74	ambiguous	-2.8	193.62	0.75	1.24	0.31
34	34	0.8	1	1.27	0.667	0.8	0.3	0.26	male	-3	207.57	0.81	1.27	0.1
35	35	0.8	1	1.48	0.667	0.8	0.3	-2.1	male	-4.3	248.53	0.97	1.48	0.43
36	36	0.8	1	1.12	0.667	0.8	0.3	-5.19	male	-1.9	243.7	0.95	1.12	0.8
37	37	0.8	1	1.56	0.667	0.8	0.3	-1.93	ambiguous	-4.8	215.6	0.84	1.56	0.13
38	38	0.8	1	1.36	0.667	0.8	0.3	-2.42	female	-3.6	236.49	0.92	1.36	0.8
39	39	0.8	1	1.55	0.667	0.8	0.3	-2.33	ambiguous	-4.7	225.7	0.88	1.55	0.8
40	40	0.8	1	1.46	0.667	0.8	0.3	2.76	female	-4.2	196.11	0.76	1.46	0.49
41	41	0.8	1	1.38	0.667	0.8	0.3	-0.56	ambiguous	-3.7	221.58	0.86	1.38	0.41
42	42	0.8	1	1.27	0.667	0.8	0.3	-3.79	male	-3	218.27	0.85	1.27	0.54
43	43	0.8	1	1.15	0.667	0.8	0.3	-2	male	-2.1	221.58	0.86	1.15	0.4
44	44	0.8	1	1.51	0.667	0.8	0.3	2.46	male	-4.5	193.41	0.75	1.51	0.48
45	45	0.8	1	1.17	0.667	0.8	0.3	0.27	ambiguous	-2.3	200.7	0.78	1.17	0.14
46	46	0.8	1	1.8	0.667	0.8	0.3	2.59	female	-6	203.49	0.79	1.8	0.27
47	47	0.8	1	1.32	0.667	0.8	0.3	-1.7	female	-3.3	213.89	0.83	1.32	0.21
48	48	0.8	1	1.41	0.667	0.8	0.3	0.48	male	-3.9	203.72	0.79	1.41	0.39
49	49	0.8	1	1.35	0.667	0.8	0.3	-1.07	male	-3.5	179.76	0.7	1.35	0.52
50	50	0.8	1	1.32	0.667	0.8	0.3	-3.1	male	-3.3	218	0.85	1.32	0.58
51	51	0.8	1	1.26	0.667	0.8	0.3	1.08	male	-2.9	221.16	0.86	1.26	0.79
52	52	0.8	1	1.03	0.667	0.8	0.3	-1.67	male	-1.2	222.28	0.86	1.03	0.8
53	53	0.8	1	1.36	0.667	0.8	0.3	1.62	male	-3.6	218.27	0.85	1.36	0.31
54	54	0.8	1	1.56	0.667	0.8	0.3	-3.34	female	-4.8	213.37	0.83	1.56	0.1
55	55	0.8	1	1.51	0.667	0.8	0.3	0.76	male	-4.5	213.76	0.83	1.51	0.43
56	56	0.8	1	1.21	0.667	0.8	0.3	3.4	ambiguous	-2.6	168.31	0.65	1.21	0.8
57	57	0.8	1	1.44	0.667	0.8	0.3	-0.38	female	-4.1	226.29	0.88	1.44	0.13
58	58	0.8	1	1.62	0.667	0.8	0.3	2.33	male	-5.1	212.47	0.83	1.62	0.8
59	59	0.8	1	1.38	0.667	0.8	0.3	1.68	female	-3.7	190.78	0.74	1.38	0.8
60	60	0.8	1	1.78	0.667	0.8	0.3	0.18	female	-5.9	187.53	0.73	1.78	0.49
61	61	0.8	1	1.62	0.667	0.8	0.3	-2.77	female	-5.1	222	0.86	1.62	0.41
62	62	0.8	1	1.32	0.667	0.8	0.3	-0.34	female	-3.3	217.46	0.84	1.32	0.54
63	63	0.8	1	1.32	0.667	0.8	0.3	1.48	female	-3.3	229.09	0.89	1.32	0.4
64	64	0.8	1	1.58	0.667	0.8	0.3	-0.46	ambiguous	-4.9	187.63	0.73	1.58	0.48
65	65	0.8	1	1.36	0.667	0.8	0.3	2.54	female	-3.6	201.5	0.78	1.36	0.14
66	66	0.8	1	1.51	0.667	0.8	0.3	0.01	female	-4.5	178.39	0.69	1.51	0.27
67	67	0.8	1	1.38	0.667	0.8	0.3	-1.3	male	-3.7	208.56	0.81	1.38	0.21
68	68	0.8	1	1.44	0.667	0.8	0.3	3.02	female	-4.1	189.04	0.73	1.44	0.39
69	69	0.8	1	1.51	0.667	0.8	0.3	0.45	female	-4.5	192.45	0.75	1.51	0.52
70	70	0.8	1	1.07	0.667	0.8	0.3	1.18	male	-1.5	166	0.64	1.07	0.58
71	71	0.8	1	1.53	0.667	0.8	0.3	0.86	male	-4.6	220.47	0.86	1.53	0.79
72	72	0.8	1	1.46	0.667	0.8	0.3	1.55	male	-4.2	214.41	0.83	1.46	0.8
73	73	0.8	1	1.51	0.667	0.8	0.3	0.77	female	-4.5	200.93	0.78	1.51	0.31
74	74	0.8	1	1.39	0.667	0.8	0.3	2.02	female	-3.8	190.68	0.74	1.39	0.1
75	75	0.8	1	1.51	0.667	0.8	0.3	-0.92	female	-4.5	205.27	0.8	1.51	0.43
76	76	0.8	1	1.62	0.667	0.8	0.3	-0.7	female	-5.1	188.03	0.73	1.62	0.8
77	77	0.8	1	1.33	0.667	0.8	0.3	-0.54	female	-3.4	205.03	0.8	1.33	0.13
78	78	0.8	1	1.24	0.667	0.8	0.3	-1.04	male	-2.8	235.7	0.92	1.24	0.8
79	79	0.8	1	1.56	0.667	0.8	0.3	0.26	female	-4.8	211.06	0.82	1.56	0.8
80	80	0.8	1	1.35	0.667	0.8	0.3	-0.46	ambiguous	-3.5	218.95	0.85	1.35	0.49
81	81	0.8	1	1.38	0.667	0.8	0.3	1.44	male	-3.7	208.31	0.81	1.38	0.41
82	82	0.8	1	1.38	0.667	0.8	0.3	3.65	ambiguous	-3.7	174.84	0.68	1.38	0.54
83	83	0.8	1	1.33	0.667	0.8	0.3	1.73	female	-3.4	245.06	0.95	1.33	0.4
84	84	0.8	1	1.33	0.667	0.8	0.3	0.83	ambiguous	-3.4	222.28	0.86	1.33	0.48
85	85	0.8	1	1.44	0.667	0.8	0.3	2.58	female	-4.1	185.45	0.72	1.44	0.14
86	86	0.8	1	1.35	0.667	0.8	0.3	-1.74	male	-3.5	216.39	0.84	1.35	0.27
87	87	0.8	1	1.48	0.667	0.8	0.3	0.18	ambiguous	-4.3	236.81	0.92	1.48	0.21
88	88	0.8	1	1.55	0.667	0.8	0.3	-0.56	male	-4.7	223.98	0.87	1.55	0.39
89	89	0.8	1	1.43	0.667	0.8	0.3	0.69	male	-4	197.32	0.77	1.43	0.52
90	90	0.8	1	1.17	0.667	0.8	0.3	-1.17	male	-2.3	204.43	0.79	1.17	0.58
91	91	0.8	1	1.55	0.667	0.8	0.3	1.08	female	-4.7	178.66	0.69	1.55	0.79
92	92	0.8	1	1.08	0.667	0.8	0.3	-0.01	male	-1.6	238.74	0.93	1.08	0.8
93	93	0.8	1	1.46	0.667	0.8	0.3	3.24	female	-4.2	213.5	0.83	1.46	0.31
94	94	0.8	1	1.27	0.667	0.8	0.3	-1.06	female	-3	189.65	0.74	1.27	0.1
95	95	0.8	1	1.64	0.667	0.8	0.3	0.82	female	-5.2	205.87	0.8	1.64	0.43
96	96	0.8	1	1.49	0.667	0.8	0.3	0.47	ambiguous	-4.4	202.2	0.79	1.49	0.8
97	97	0.8	1	1.15	0.667	0.8	0.3	-0.13	male	-2.1	225.13	0.87	1.15	0.13
98	98	0.8	1	1.43	0.667	0.8	0.3	-1.56	ambiguous	-4	198.32	0.77	1.43	0.8
99	99	0.8	1	1.36	0.667	0.8	0.3	0.73	female	-3.6	194.59	0.76	1.36	0.8
100	100	0.8	1	1.41	0.667	0.8	0.3	1.35	female	-3.9	218.41	0.85	1.41	0.49
101	101	0.8	1	1.66	0.667	0.8	0.3	-2.64	female	-5.3	215.33	0.84	1.66	0.41
102	102	0.8	1	1.35	0.667	0.8	0.3	-0.08	male	-3.5	226.43	0.88	1.35	0.54
103	103	0.8	1	1.62	0.667	0.8	0.3	-0.72	female	-5.1	190.78	0.74	1.62	0.4
104	104	0.8	1	1.23	0.667	0.8	0.3	0.05	male	-2.7	220.88	0.86	1.23	0.48
105	105	0.8	1	1.29	0.667	0.8	0.3	-3.74	male	-3.1	229.54	0.89	1.29	0.14
106	106	0.8	1	1.48	0.667	0.8	0.3	2.98	male	-4.3	189.24	0.73	1.48	0.27
107	107	0.8	1	1.55	0.667	0.8	0.3	-1.33	female	-4.7	213.11	0.83	1.55	0.21
108	108	0.8	1	1.99	0.667	0.8	0.3	1.69	female	-6.9	200.24	0.78	1.99	0.39
109	109	0.8	1	1.56	0.667	0.8	0.3	-2.25	female	-4.8	214.15	0.83	1.56	0.52
110	110	0.8	1	1.44	0.667	0.8	0.3	0.74	male	-4.1	222.84	0.87	1.44	0.58
111	111	0.8	1	1.36	0.667	0.8	0.3	-0.1	ambiguous	-3.6	218.95	0.85	1.36	0.79
112	112	0.8	1	1.55	0.667	0.8	0.3	0.3	female	-4.7	204.79	0.8	1.55	0.8
113	113	0.8	1	1.06	0.667	0.8	0.3	-1.86	male	-1.4	221.02	0.86	1.06	0.31
114	114	0.8	1	1.7	0.667	0.8	0.3	-1.74	male	-5.5	243.37	0.95	1.7	0.1
115	115	0.8	1	1.66	0.667	0.8	0.3	0.35	female	-5.3	207.33	0.81	1.66	0.43
116	116	0.8	1	1.12	0.667	0.8	0.3	2.67	male	-1.9	183.41	0.71	1.12	0.8
117	117	0.8	1	1.07	0.667	0.8	0.3	0.32	male	-1.5	223.69	0.87	1.07	0.13
118	118	0.8	1	1.26	0.667	0.8	0.3	0.36	female	-2.9	204.67	0.79	1.26	0.8
119	119	0.8	1	1.38	0.667	0.8	0.3	-0.59	ambiguous	-3.7	210.68	0.82	1.38	0.8
120	120	0.8	1	1.7	0.667	0.8	0.3	-1.24	female	-5.5	214.94	0.83	1.7	0.49
121	121	0.8	1	1.32	0.667	0.8	0.3	-0.96	male	-3.3	229.84	0.89	1.32	0.41
122	122	0.8	1	1.86	0.667	0.8	0.3	-0.95	female	-6.3	186.13	0.72	1.86	0.54
123	123	0.8	1	1.44	0.667	0.8	0.3	1.7	male	-4.1	189.65	0.74	1.44	0.4
124	124	0.8	1	1.36	0.667	0.8	0.3	-1.66	male	-3.6	244.38	0.95	1.36	0.48
125	125	0.8	1	1.39	0.667	0.8	0.3	-1.22	female	-3.8	191.09	0.74	1.39	0.14
126	126	0.8	1	1.33	0.667	0.8	0.3	0.8	ambiguous	-3.4	228.79	0.89	1.33	0.27
127	127	0.8	1	1.49	0.667	0.8	0.3	-0.87	female	-4.4	215.73	0.84	1.49	0.21
128	128	0.8	1	1.46	0.667	0.8	0.3	1.95	female	-4.2	215.6	0.84	1.46	0.39
129	129	0.8	1	1.41	0.667	0.8	0.3	0.26	female	-3.9	219.09	0.85	1.41	0.52
130	130	0.8	1	1.32	0.667	0.8	0.3	-0.23	ambiguous	-3.3	235.85	0.92	1.32	0.58
131	131	0.8	1	1.56	0.667	0.8	0.3	1.56	female	-4.8	198.1	0.77	1.56	0.79
132	132	0.8	1	1.43	0.667	0.8	0.3	-3.68	male	-4	218.68	0.85	1.43	0.8
133	133	0.8	1	1.62	0.667	0.8	0.3	-0.3	female	-5.1	184.28	0.72	1.62	0.31
134	134	0.8	1	1.38	0.667	0.8	0.3	0.23	male	-3.7	198.99	0.77	1.38	0.1
135	135	0.8	1	1.32	0.667	0.8	0.3	-2.04	male	-3.3	233.04	0.91	1.32	0.43
136	136	0.8	1	1.33	0.667	0.8	0.3	1.89	male	-3.4	198.77	0.77	1.33	0.8
137	137	0.8	1	1.2	0.667	0.8	0.3	-5.45	male	-2.5	231.05	0.9	1.2	0.13
138	138	0.8	1	1.43	0.667	0.8	0.3	0.16	female	-4	214.28	0.83	1.43	0.8
139	139	0.8	1	1.43	0.667	0.8	0.3	3.11	male	-4	218.27	0.85	1.43	0.8
140	140	0.8	1	1.56	0.667	0.8	0.3	-0.21	female	-4.8	189.75	0.74	1.56	0.49
141	141	0.8	1	1.49	0.667	0.8	0.3	0.32	female	-4.4	208.68	0.81	1.49	0.41
142	142	0.8	1	1.38	0.667	0.8	0.3	-3.22	female	-3.7	224.69	0.87	1.38	0.54
143	143	0.8	1	1.6	0.667	0.8	0.3	1.9	ambiguous	-5	163.07	0.63	1.6	0.4
144	144	0.8	1	1.44	0.667	0.8	0.3	0.57	female	-4.1	213.37	0.83	1.44	0.48
145	145	0.8	1	1.41	0.667	0.8	0.3	3.71	male	-3.9	176.59	0.69	1.41	0.14
146	146	0.8	1	1.3	0.667	0.8	0.3	1.97	male	-3.2	256.51	1	1.3	0.27
147	147	0.8	1	1.44	0.667	0.8	0.3	-1.62	female	-4.1	201.5	0.78	1.44	0.21
148	148	0.8	1	1.53	0.667	0.8	0.3	-0.08	female	-4.6	218.14	0.85	1.53	0.39
149	149	0.8	1	1.51	0.667	0.8	0.3	-1.34	female	-4.5	210.56	0.82	1.51	0.52
150	150	0.8	1	1.35	0.667	0.8	0.3	-0.28	female	-3.5	195.45	0.76	1.35	0.58
151	151	0.8	1	1.03	0.667	0.8	0.3	3.66	male	-1.2	204.43	0.79	1.03	0.79
152	152	0.8	1	1.56	0.667	0.8	0.3	1.97	male	-4.8	196.88	0.76	1.56	0.8
153	153	0.8	1	1.58	0.667	0.8	0.3	0.08	female	-4.9	213.5	0.83	1.58	0.31
154	154	0.8	1	1.51	0.667	0.8	0.3	2.52	female	-4.5	199.79	0.78	1.51	0.1
155	155	0.8	1	1.49	0.667	0.8	0.3	2.17	male	-4.4	206.35	0.8	1.49	0.43
156	156	0.8	1	1.11	0.667	0.8	0.3	0.95	male	-1.8	210.43	0.82	1.11	0.8
157	157	0.8	1	1.7	0.667	0.8	0.3	0.12	female	-5.5	193.2	0.75	1.7	0.13
158	158	0.8	1	1.33	0.667	0.8	0.3	0.22	ambiguous	-3.4	217.6	0.85	1.33	0.8
159	159	0.8	1	1.24	0.667	0.8	0.3	0.5	male	-2.8	229.69	0.89	1.24	0.8
160	160	0.8	1	1.29	0.667	0.8	0.3	-1.02	ambiguous	-3.1	196.88	0.76	1.29	0.49
161	161	0.8	1	1.48	0.667	0.8	0.3	1.54	female	-4.3	177.85	0.69	1.48	0.41
162	162	0.8	1	1.39	0.667	0.8	0.3	-0.18	female	-3.8	200.35	0.78	1.39	0.54
163	163	0.8	1	1.51	0.667	0.8	0.3	-0.55	male	-4.5	193.73	0.75	1.51	0.4
164	164	0.8	1	1.51	0.667	0.8	0.3	0.91	female	-4.5	180.03	0.7	1.51	0.48
165	165	0.8	1	1.6	0.667	0.8	0.3	0.99	ambiguous	-5	203.13	0.79	1.6	0.14
166	166	0.8	1	1.49	0.667	0.8	0.3	2	female	-4.4	222.14	0.86	1.49	0.27
167	167	0.8	1	1.55	0.667	0.8	0.3	-1.03	female	-4.7	219.09	0.85	1.55	0.21
168	168	0.8	1	1.15	0.667	0.8	0.3	-1.2	male	-2.1	201.39	0.78	1.15	0.39
169	169	0.8	1	1.44	0.667	0.8	0.3	-1.19	ambiguous	-4.1	242.86	0.94	1.44	0.52
170	170	0.8	1	1.23	0.667	0.8	0.3	4.51	female	-2.7	171.43	0.67	1.23	0.58
171	171	0.8	1	1.56	0.667	0.8	0.3	-0.92	female	-4.8	228.05	0.89	1.56	0.79
172	172	0.8	1	1.38	0.667	0.8	0.3	-0.29	female	-3.7	216.93	0.84	1.38	0.8
173	173	0.8	1	1.29	0.667	0.8	0.3	-0.94	male	-3.1	237.13	0.92	1.29	0.31
174	174	0.8	1	1.41	0.667	0.8	0.3	-2.79	male	-3.9	231.05	0.9	1.41	0.1
175	175	0.8	1	1.44	0.667	0.8	0.3	2.94	ambiguous	-4.1	194.69	0.76	1.44	0.43
176	176	0.8	1	1.43	0.667	0.8	0.3	-2.71	male	-4	227.6	0.88	1.43	0.8
177	177	0.8	1	1.71	0.667	0.8	0.3	-2.14	female	-5.6	215.73	0.84	1.71	0.13
178	178	0.8	1	1.6	0.667	0.8	0.3	-0.14	ambiguous	-5	180.68	0.7	1.6	0.8
179	179	0.8	1	1.58	0.667	0.8	0.3	2.17	female	-4.9	179.94	0.7	1.58	0.8
180	180	0.8	1	1.36	0.667	0.8	0.3	-0.36	female	-3.6	213.5	0.83	1.36	0.49
181	181	0.8	1	1.43	0.667	0.8	0.3	-1.31	male	-4	197.65	0.77	1.43	0.41
182	182	0.8	1	1.39	0.667	0.8	0.3	-6.44	male	-3.8	217.33	0.84	1.39	0.54
183	183	0.8	1	1.35	0.667	0.8	0.3	2.56	male	-3.5	202.2	0.79	1.35	0.4
184	184	0.8	1	1.29	0.667	0.8	0.3	2.15	ambiguous	-3.1	167.5	0.65	1.29	0.48
185	185	0.8	1	1.09	0.667	0.8	0.3	-0.51	ambiguous	-1.7	202.55	0.79	1.09	0.14
186	186	0.8	1	1.13	0.667	0.8	0.3	0.08	male	-2	172.27	0.67	1.13	0.27
187	187	0.8	1	1.09	0.667	0.8	0.3	0	male	-1.7	213.89	0.83	1.09	0.21
188	188	0.8	1	1.23	0.667	0.8	0.3	-0.9	ambiguous	-2.7	183.7	0.71	1.23	0.39
189	189	0.8	1	1.53	0.667	0.8	0.3	-1.43	male	-4.6	226.58	0.88	1.53	0.52
190	190	0.8	1	1.26	0.667	0.8	0.3	1.35	male	-2.9	217.06	0.84	1.26	0.58
191	191	0.8	1	1.21	0.667	0.8	0.3	1.24	male	-2.6	252.64	0.98	1.21	0.79
192	192	0.8	1	1.44	0.667	0.8	0.3	-0.02	female	-4.1	215.2	0.84	1.44	0.8
193	193	0.8	1	1.19	0.667	0.8	0.3	0.27	female	-2.4	209.68	0.81	1.19	0.31
194	194	0.8	1	1.88	0.667	0.8	0.3	-1.31	ambiguous	-6.4	199.9	0.78	1.88	0.1
195	195	0.8	1	1.6	0.667	0.8	0.3	-1.55	female	-5	229.09	0.89	1.6	0.43
196	196	0.8	1	1.44	0.667	0.8	0.3	2.31	ambiguous	-4.1	200.93	0.78	1.44	0.8
197	197	0.8	1	1.46	0.667	0.8	0.3	-3.47	ambiguous	-4.2	226.29	0.88	1.46	0.13
198	198	0.8	1	1.29	0.667	0.8	0.3	-1.78	male	-3.1	215.46	0.84	1.29	0.8
199	199	0.8	1	0.99	0.667	0.8	0.3	-0.16	male	-0.8	251.2	0.98	0.99	0.8
200	200	0.8	1	1.24	0.667	0.8	0.3	-0.09	male	-2.8	231.66	0.9	1.24	0.49
201	201	0.8	1	1.39	0.667	0.8	0.3	-1.78	male	-3.8	224.69	0.87	1.39	0.41
202	202	0.8	1	1.36	0.667	0.8	0.3	-0.58	female	-3.6	166.47	0.65	1.36	0.54
203	203	0.8	1	1.27	0.667	0.8	0.3	-1.14	male	-3	212.98	0.83	1.27	0.4
204	204	0.8	1	1.43	0.667	0.8	0.3	0.96	male	-4	214.94	0.83	1.43	0.48
205	205	0.8	1	1.56	0.667	0.8	0.3	1.39	female	-4.8	196.22	0.76	1.56	0.14
206	206	0.8	1	1.35	0.667	0.8	0.3	1.72	female	-3.5	216.39	0.84	1.35	0.27
207	207	0.8	1	1.6	0.667	0.8	0.3	-0.98	female	-5	204.91	0.8	1.6	0.21
208	208	0.8	1	1.33	0.667	0.8	0.3	-2.34	ambiguous	-3.4	185.15	0.72	1.33	0.39
209	209	0.8	1	1.44	0.667	0.8	0.3	1.31	male	-4.1	177.85	0.69	1.44	0.52
210	210	0.8	1	1.55	0.667	0.8	0.3	0.66	female	-4.7	212.34	0.82	1.55	0.58
211	211	0.8	1	1.49	0.667	0.8	0.3	1.8	female	-4.4	204.67	0.79	1.49	0.79
212	212	0.8	1	1.3	0.667	0.8	0.3	0.29	male	-3.2	203.72	0.79	1.3	0.8
213	213	0.8	1	1.48	0.667	0.8	0.3	-1.01	ambiguous	-4.3	224.98	0.87	1.48	0.31
214	214	0.8	1	1.39	0.667	0.8	0.3	2.37	female	-3.8	197.98	0.77	1.39	0.1
215	215	0.8	1	1.43	0.667	0.8	0.3	-0.53	female	-4	203.6	0.79	1.43	0.43
216	216	0.8	1	1.26	0.667	0.8	0.3	1.16	male	-2.9	215.46	0.84	1.26	0.8
217	217	0.8	1	1.05	0.667	0.8	0.3	-1.07	male	-1.3	240.37	0.93	1.05	0.13
218	218	0.8	1	1.29	0.667	0.8	0.3	1.28	ambiguous	-3.1	189.65	0.74	1.29	0.8
219	219	0.8	1	1.2	0.667	0.8	0.3	-0.89	male	-2.5	226.43	0.88	1.2	0.8
220	220	0.8	1	1.84	0.667	0.8	0.3	-0.75	female	-6.2	206.72	0.8	1.84	0.49
221	221	0.8	1	1.35	0.667	0.8	0.3	-0.09	male	-3.5	203.37	0.79	1.35	0.41
222	222	0.8	1	1.27	0.667	0.8	0.3	3.68	male	-3	190.16	0.74	1.27	0.54
223	223	0.8	1	1.43	0.667	0.8	0.3	-0.42	male	-4	198.77	0.77	1.43	0.4
224	224	0.8	1	1.58	0.667	0.8	0.3	2.56	female	-4.9	168.14	0.65	1.58	0.48
225	225	0.8	1	1.3	0.667	0.8	0.3	0.49	male	-3.2	215.33	0.84	1.3	0.14
226	226	0.8	1	1.68	0.667	0.8	0.3	0.15	female	-5.4	207.45	0.81	1.68	0.27
227	227	0.8	1	1.43	0.667	0.8	0.3	-2.67	male	-4	214.94	0.83	1.43	0.21
228	228	0.8	1	1.71	0.667	0.8	0.3	0.9	female	-5.6	194.37	0.75	1.71	0.39
229	229	0.8	1	1.56	0.667	0.8	0.3	0.52	female	-4.8	206.35	0.8	1.56	0.52
230	230	0.8	1	1.71	0.667	0.8	0.3	0.44	male	-5.6	245.58	0.95	1.71	0.58
231	231	0.8	1	1.05	0.667	0.8	0.3	0.89	male	-1.3	226.29	0.88	1.05	0.79
232	232	0.8	1	1.07	0.667	0.8	0.3	4.19	male	-1.5	183.32	0.71	1.07	0.8
233	233	0.8	1	1.26	0.667	0.8	0.3	4.23	male	-2.9	180.12	0.7	1.26	0.31
234	234	0.8	1	1.62	0.667	0.8	0.3	-0.49	female	-5.1	200.01	0.78	1.62	0.1
235	235	0.8	1	1.58	0.667	0.8	0.3	0.39	ambiguous	-4.9	176.33	0.68	1.58	0.43
236	236	0.8	1	1.17	0.667	0.8	0.3	0.82	ambiguous	-2.3	205.99	0.8	1.17	0.8
237	237	0.8	1	1.09	0.667	0.8	0.3	0.77	ambiguous	-1.7	204.32	0.79	1.09	0.13
238	238	0.8	1	1.29	0.667	0.8	0.3	-2.68	female	-3.1	180.96	0.7	1.29	0.8
239	239	0.8	1	1.55	0.667	0.8	0.3	1.51	ambiguous	-4.7	192.98	0.75	1.55	0.8
240	240	0.8	1	1.48	0.667	0.8	0.3	2.41	ambiguous	-4.3	195.13	0.76	1.48	0.49
241	241	0.8	1	1.39	0.667	0.8	0.3	1.36	female	-3.8	217.06	0.84	1.39	0.41
242	242	0.8	1	1.48	0.667	0.8	0.3	1.26	ambiguous	-4.3	194.48	0.76	1.48	0.54
243	243	0.8	1	1.35	0.667	0.8	0.3	3.63	male	-3.5	202.67	0.79	1.35	0.4
244	244	0.8	1	1.68	0.667	0.8	0.3	-0.14	ambiguous	-5.4	217.73	0.85	1.68	0.48
245	245	0.8	1	1.27	0.667	0.8	0.3	-1.21	male	-3	213.89	0.83	1.27	0.14
246	246	0.8	1	1.12	0.667	0.8	0.3	-0.27	male	-1.9	205.51	0.8	1.12	0.27
247	247	0.8	1	1.6	0.667	0.8	0.3	0	female	-5	195.23	0.76	1.6	0.21
248	248	0.8	1	1.15	0.667	0.8	0.3	-1.99	male	-2.1	187.73	0.73	1.15	0.39
249	249	0.8	1	1.43	0.667	0.8	0.3	-0.82	ambiguous	-4	200.81	0.78	1.43	0.52
250	250	0.8	1	1.78	0.667	0.8	0.3	1.27	female	-5.9	182.08	0.71	1.78	0.58
251	251	0.8	1	1.6	0.667	0.8	0.3	0.37	female	-5	199.11	0.77	1.6	0.79
252	252	0.8	1	1.41	0.667	0.8	0.3	1.26	female	-3.9	195.67	0.76	1.41	0.8
253	253	0.8	1	1.44	0.667	0.8	0.3	3.1	male	-4.1	191.72	0.74	1.44	0.31
254	254	0.8	1	1.41	0.667	0.8	0.3	-0.4	male	-3.9	224.84	0.87	1.41	0.1
255	255	0.8	1	1.26	0.667	0.8	0.3	1.33	female	-2.9	221.86	0.86	1.26	0.43
256	256	0.8	1	1.11	0.667	0.8	0.3	-0.36	male	-1.8	211.7	0.82	1.11	0.8
257	257	0.8	1	1.33	0.667	0.8	0.3	-0.96	male	-3.4	200.13	0.78	1.33	0.13
258	258	0.8	1	1.21	0.667	0.8	0.3	0.7	female	-2.6	172.18	0.67	1.21	0.8
259	259	0.8	1	1.11	0.667	0.8	0.3	1.34	male	-1.8	228.94	0.89	1.11	0.8
260	260	0.8	1	1.39	0.667	0.8	0.3	-2.07	ambiguous	-3.8	228.94	0.89	1.39	0.49
261	261	0.8	1	1.49	0.667	0.8	0.3	-0.73	male	-4.4	222.7	0.86	1.49	0.41
262	262	0.8	1	1.46	0.667	0.8	0.3	-0.98	ambiguous	-4.2	191.41	0.74	1.46	0.54
263	263	0.8	1	1.49	0.667	0.8	0.3	-0.59	female	-4.4	205.75	0.8	1.49	0.4
264	264	0.8	1	1.46	0.667	0.8	0.3	-1.76	male	-4.2	258.4	1	1.46	0.48
265	265	0.8	1	1.48	0.667	0.8	0.3	-2.27	female	-4.3	220.05	0.85	1.48	0.14
266	266	0.8	1	1.33	0.667	0.8	0.3	-1.02	female	-3.4	204.43	0.79	1.33	0.27
267	267	0.8	1	1.41	0.667	0.8	0.3	-0.72	female	-3.9	192.88	0.75	1.41	0.21
268	268	0.8	1	1.43	0.667	0.8	0.3	-1.07	ambiguous	-4	212.73	0.83	1.43	0.39
269	269	0.8	1	1.24	0.667	0.8	0.3	-1.36	male	-2.8	217.33	0.84	1.24	0.52
270	270	0.8	1	1.39	0.667	0.8	0.3	1.73	male	-3.8	171.17	0.66	1.39	0.58
271	271	0.8	1	1.44	0.667	0.8	0.3	2.28	male	-4.1	185.54	0.72	1.44	0.79
272	272	0.8	1	1.07	0.667	0.8	0.3	1.71	male	-1.5	211.45	0.82	1.07	0.8
273	273	0.8	1	1.51	0.667	0.8	0.3	2.93	female	-4.5	171.93	0.67	1.51	0.31
274	274	0.8	1	1.27	0.667	0.8	0.3	0.73	ambiguous	-3	198.77	0.77	1.27	0.1
275	275	0.8	1	1.24	0.667	0.8	0.3	-0.37	male	-2.8	228.34	0.89	1.24	0.43
276	276	0.8	1	1.32	0.667	0.8	0.3	-1.48	ambiguous	-3.3	198.1	0.77	1.32	0.8
277	277	0.8	1	1.6	0.667	0.8	0.3	-0.06	ambiguous	-5	203.02	0.79	1.6	0.13
278	278	0.8	1	1.33	0.667	0.8	0.3	-2.65	male	-3.4	207.57	0.81	1.33	0.8
279	279	0.8	1	1.32	0.667	0.8	0.3	-0.98	ambiguous	-3.3	228.2	0.89	1.32	0.8
280	280	0.8	1	1.51	0.667	0.8	0.3	-0.33	female	-4.5	206.11	0.8	1.51	0.49
281	281	0.8	1	1.48	0.667	0.8	0.3	1.8	female	-4.3	209.68	0.81	1.48	0.41
282	282	0.8	1	1.3	0.667	0.8	0.3	1.63	female	-3.2	190.78	0.74	1.3	0.54
283	283	0.8	1	1.49	0.667	0.8	0.3	-3.28	female	-4.4	207.21	0.8	1.49	0.4
284	284	0.8	1	1.36	0.667	0.8	0.3	-0.31	male	-3.6	243.03	0.94	1.36	0.48
285	285	0.8	1	1.82	0.667	0.8	0.3	2.06	female	-6.1	166.71	0.65	1.82	0.14
286	286	0.8	1	1.55	0.667	0.8	0.3	-0.5	male	-4.7	215.86	0.84	1.55	0.27
287	287	0.8	1	1.23	0.667	0.8	0.3	1.31	male	-2.7	227.16	0.88	1.23	0.21
288	288	0.8	1	1.32	0.667	0.8	0.3	0.74	male	-3.3	230.59	0.9	1.32	0.39
289	289	0.8	1	1.49	0.667	0.8	0.3	-1.59	male	-4.4	230.14	0.89	1.49	0.52
290	290	0.8	1	1.36	0.667	0.8	0.3	-1.25	female	-3.6	227.16	0.88	1.36	0.58
291	291	0.8	1	1.48	0.667	0.8	0.3	0.61	male	-4.3	208.56	0.81	1.48	0.79
292	292	0.8	1	1.36	0.667	0.8	0.3	-1.29	female	-3.6	200.93	0.78	1.36	0.8
293	293	0.8	1	1.23	0.667	0.8	0.3	2.61	male	-2.7	207.82	0.81	1.23	0.31
294	294	0.8	1	1.46	0.667	0.8	0.3	-0.89	ambiguous	-4.2	214.41	0.83	1.46	0.1
295	295	0.8	1	1.15	0.667	0.8	0.3	4.12	male	-2.1	189.14	0.73	1.15	0.43
296	296	0.8	1	1	0.667	0.8	0.3	-2.58	male	-0.9	225.27	0.87	1	0.8
297	297	0.8	1	1.29	0.667	0.8	0.3	2.33	male	-3.1	180.03	0.7	1.29	0.13
298	298	0.8	1	1.64	0.667	0.8	0.3	2.88	female	-5.2	187.93	0.73	1.64	0.8
299	299	0.8	1	1.38	0.667	0.8	0.3	-1	female	-3.7	194.16	0.75	1.38	0.8
300	300	0.8	1	1.38	0.667	0.8	0.3	1.45	male	-3.7	214.28	0.83	1.38	0.49
301	301	0.8	1	1.43	0.667	0.8	0.3	-1.73	female	-4	207.7	0.81	1.43	0.41
302	302	0.8	1	1.46	0.667	0.8	0.3	1.81	female	-4.2	197.87	0.77	1.46	0.54
303	303	0.8	1	1.2	0.667	0.8	0.3	1.3	male	-2.5	214.15	0.83	1.2	0.4
304	304	0.8	1	1.58	0.667	0.8	0.3	-2.22	male	-4.9	238.9	0.93	1.58	0.48
305	305	0.8	1	1.71	0.667	0.8	0.3	-1.34	female	-5.6	212.98	0.83	1.71	0.14
306	306	0.8	1	1.48	0.667	0.8	0.3	-1.09	female	-4.3	209.43	0.81	1.48	0.27
307	307	0.8	1	1.41	0.667	0.8	0.3	-1.5	female	-3.9	225.13	0.87	1.41	0.21
308	308	0.8	1	1.43	0.667	0.8	0.3	1.5	male	-4	200.58	0.78	1.43	0.39
309	309	0.8	1	1.48	0.667	0.8	0.3	-0.64	ambiguous	-4.3	225.27	0.87	1.48	0.52
310	310	0.8	1	1.46	0.667	0.8	0.3	0.6	female	-4.2	177.4	0.69	1.46	0.58
311	311	0.8	1	1.35	0.667	0.8	0.3	0.72	female	-3.5	148.59	0.58	1.35	0.79
312	312	0.8	1	1.53	0.667	0.8	0.3	-0.81	female	-4.6	191.2	0.74	1.53	0.8
313	313	0.8	1	1.33	0.667	0.8	0.3	0.83	female	-3.4	189.14	0.73	1.33	0.31
314	314	0.8	1	1.38	0.667	0.8	0.3	0.34	ambiguous	-3.7	194.05	0.75	1.38	0.1
315	315	0.8	1	1.58	0.667	0.8	0.3	-0.84	female	-4.9	169.77	0.66	1.58	0.43
316	316	0.8	1	1.38	0.667	0.8	0.3	-2.03	female	-3.7	197.98	0.77	1.38	0.8
317	317	0.8	1	1.43	0.667	0.8	0.3	0.54	male	-4	200.13	0.78	1.43	0.13
318	318	0.8	1	1.26	0.667	0.8	0.3	2.47	male	-2.9	206.48	0.8	1.26	0.8
319	319	0.8	1	1.53	0.667	0.8	0.3	0	female	-4.6	177.4	0.69	1.53	0.8
320	320	0.8	1	1.55	0.667	0.8	0.3	-0.36	male	-4.7	230.44	0.89	1.55	0.49
321	321	0.8	1	1.33	0.667	0.8	0.3	2.92	female	-3.4	198.21	0.77	1.33	0.41
322	322	0.8	1	1.56	0.667	0.8	0.3	-0.57	female	-4.8	219.5	0.85	1.56	0.54
323	323	0.8	1	1.49	0.667	0.8	0.3	-1.11	ambiguous	-4.4	188.43	0.73	1.49	0.4
324	324	0.8	1	1.32	0.667	0.8	0.3	0.2	ambiguous	-3.3	229.99	0.89	1.32	0.48
325	325	0.8	1	1.48	0.667	0.8	0.3	0.81	ambiguous	-4.3	211.7	0.82	1.48	0.14
326	326	0.8	1	1.36	0.667	0.8	0.3	-0.71	male	-3.6	214.94	0.83	1.36	0.27
327	327	0.8	1	1.15	0.667	0.8	0.3	1.08	male	-2.1	229.24	0.89	1.15	0.21
328	328	0.8	1	1.19	0.667	0.8	0.3	0.45	male	-2.4	175.01	0.68	1.19	0.39
329	329	0.8	1	1.56	0.667	0.8	0.3	1.06	male	-4.8	207.82	0.81	1.56	0.52
330	330	0.8	1	1.39	0.667	0.8	0.3	2.51	male	-3.8	228.05	0.89	1.39	0.58
331	331	0.8	1	1.41	0.667	0.8	0.3	-2.28	ambiguous	-3.9	199.56	0.77	1.41	0.79
332	332	0.8	1	0.99	0.667	0.8	0.3	-3.85	male	-0.8	237.29	0.92	0.99	0.8
333	333	0.8	1	1.36	0.667	0.8	0.3	-1.82	male	-3.6	224.55	0.87	1.36	0.31
334	334	0.8	1	1.12	0.667	0.8	0.3	-1.07	male	-1.9	210.68	0.82	1.12	0.1
335	335	0.8	1	1.55	0.667	0.8	0.3	1.53	male	-4.7	217.46	0.84	1.55	0.43
336	336	0.8	1	1.29	0.667	0.8	0.3	0.5	female	-3.1	200.13	0.78	1.29	0.8
337	337	0.8	1	1.38	0.667	0.8	0.3	1.87	male	-3.7	189.04	0.73	1.38	0.13
338	338	0.8	1	1.13	0.667	0.8	0.3	-1.15	male	-2	267.24	1.04	1.13	0.8
339	339	0.8	1	1.19	0.667	0.8	0.3	-1.86	male	-2.4	215.46	0.84	1.19	0.8
340	340	0.8	1	1.64	0.667	0.8	0.3	0.59	female	-5.2	160.1	0.62	1.64	0.49
341	341	0.8	1	1.43	0.667	0.8	0.3	-1.72	male	-4	196.88	0.76	1.43	0.41
342	342	0.8	1	1.3	0.667	0.8	0.3	-0.75	male	-3.2	219.5	0.85	1.3	0.54
343	343	0.8	1	1.46	0.667	0.8	0.3	-0.81	female	-4.2	212.98	0.83	1.46	0.4
344	344	0.8	1	1.33	0.667	0.8	0.3	0.39	female	-3.4	183.99	0.71	1.33	0.48
345	345	0.8	1	1.41	0.667	0.8	0.3	1.32	female	-3.9	167.74	0.65	1.41	0.14
346	346	0.8	1	1.62	0.667	0.8	0.3	4.36	ambiguous	-5.1	192.88	0.75	1.62	0.27
347	347	0.8	1	1.43	0.667	0.8	0.3	-0.26	ambiguous	-4	231.66	0.9	1.43	0.21
348	348	0.8	1	1.51	0.667	0.8	0.3	3.08	female	-4.5	186.53	0.72	1.51	0.39
349	349	0.8	1	1.55	0.667	0.8	0.3	-1.13	ambiguous	-4.7	195.89	0.76	1.55	0.52
350	350	0.8	1	1.19	0.667	0.8	0.3	-0.95	male	-2.4	240.37	0.93	1.19	0.58
351	351	0.8	1	1.7	0.667	0.8	0.3	-1.67	female	-5.5	206.11	0.8	1.7	0.79
352	352	0.8	1	1.78	0.667	0.8	0.3	1.73	female	-5.9	177.49	0.69	1.78	0.8
353	353	0.8	1	1.2	0.667	0.8	0.3	0.19	male	-2.5	173.03	0.67	1.2	0.31
354	354	0.8	1	1.82	0.667	0.8	0.3	-0.36	female	-6.1	191.51	0.74	1.82	0.1
355	355	0.8	1	1.48	0.667	0.8	0.3	-0.33	female	-4.3	206.84	0.8	1.48	0.43
356	356	0.8	1	1.55	0.667	0.8	0.3	-2.1	female	-4.7	223.98	0.87	1.55	0.8
357	357	0.8	1	1.38	0.667	0.8	0.3	-1.39	male	-3.7	195.56	0.76	1.38	0.13
358	358	0.8	1	1.16	0.667	0.8	0.3	0.57	male	-2.2	246.96	0.96	1.16	0.8
359	359	0.8	1	1.39	0.667	0.8	0.3	-2.85	female	-3.8	246.09	0.96	1.39	0.8
360	360	0.8	1	1.41	0.667	0.8	0.3	-0.33	male	-3.9	247.83	0.96	1.41	0.49
361	361	0.8	1	1.41	0.667	0.8	0.3	0.76	male	-3.9	251.2	0.98	1.41	0.41
362	362	0.8	1	1.33	0.667	0.8	0.3	0.83	male	-3.4	194.91	0.76	1.33	0.54
363	363	0.8	1	1.15	0.667	0.8	0.3	1.24	male	-2.1	155.15	0.6	1.15	0.4
364	364	0.8	1	1.17	0.667	0.8	0.3	0.88	male	-2.3	218.27	0.85	1.17	0.48
365	365	0.8	1	1.66	0.667	0.8	0.3	-2.12	ambiguous	-5.3	192.98	0.75	1.66	0.14
366	366	0.8	1	1.48	0.667	0.8	0.3	0.04	ambiguous	-4.3	203.37	0.79	1.48	0.27
367	367	0.8	1	1.46	0.667	0.8	0.3	2.58	male	-4.2	208.44	0.81	1.46	0.21
368	368	0.8	1	1.33	0.667	0.8	0.3	2.17	male	-3.4	190.16	0.74	1.33	0.39
369	369	0.8	1	1.36	0.667	0.8	0.3	1.64	male	-3.6	205.99	0.8	1.36	0.52
370	370	0.8	1	1.51	0.667	0.8	0.3	3.21	female	-4.5	195.34	0.76	1.51	0.58
371	371	0.8	1	1.6	0.667	0.8	0.3	-1.11	male	-5	226.58	0.88	1.6	0.79
372	372	0.8	1	1.55	0.667	0.8	0.3	-1.1	female	-4.7	207.7	0.81	1.55	0.8
373	373	0.8	1	1.44	0.667	0.8	0.3	2.26	female	-4.1	178.48	0.69	1.44	0.31
374	374	0.8	1	1.41	0.667	0.8	0.3	1.07	male	-3.9	213.11	0.83	1.41	0.1
375	375	0.8	1	1.66	0.667	0.8	0.3	2.09	male	-5.3	193.62	0.75	1.66	0.43
376	376	0.8	1	1.58	0.667	0.8	0.3	0.76	female	-4.9	198.77	0.77	1.58	0.8
377	377	0.8	1	1.39	0.667	0.8	0.3	-2.45	female	-3.8	201.04	0.78	1.39	0.13
378	378	0.8	1	1.62	0.667	0.8	0.3	-1.49	female	-5.1	189.65	0.74	1.62	0.8
379	379	0.8	1	1.21	0.667	0.8	0.3	0.31	ambiguous	-2.6	183.89	0.71	1.21	0.8
380	380	0.8	1	1.39	0.667	0.8	0.3	-6.85	male	-3.8	263.04	1.02	1.39	0.49
381	381	0.8	1	1.51	0.667	0.8	0.3	1.78	female	-4.5	193.2	0.75	1.51	0.41
382	382	0.8	1	1.66	0.667	0.8	0.3	0.2	female	-5.3	194.26	0.75	1.66	0.54
383	383	0.8	1	1.27	0.667	0.8	0.3	-0.56	ambiguous	-3	180.59	0.7	1.27	0.4
384	384	0.8	1	1.41	0.667	0.8	0.3	2.09	female	-3.9	185.64	0.72	1.41	0.48
385	385	0.8	1	1.3	0.667	0.8	0.3	0.99	male	-3.2	205.63	0.8	1.3	0.14
386	386	0.8	1	1.44	0.667	0.8	0.3	0.1	male	-4.1	203.72	0.79	1.44	0.27
387	387	0.8	1	1.49	0.667	0.8	0.3	2.01	ambiguous	-4.4	197.1	0.77	1.49	0.21
388	388	0.8	1	1.09	0.667	0.8	0.3	2.66	male	-1.7	218.27	0.85	1.09	0.39
389	389	0.8	1	1.46	0.667	0.8	0.3	0.77	female	-4.2	188.33	0.73	1.46	0.52
390	390	0.8	1	1.58	0.667	0.8	0.3	3.78	ambiguous	-4.9	159.59	0.62	1.58	0.58
391	391	0.8	1	1.38	0.667	0.8	0.3	0.52	ambiguous	-3.7	228.94	0.89	1.38	0.79
392	392	0.8	1	1.27	0.667	0.8	0.3	1.36	male	-3	219.91	0.85	1.27	0.8
393	393	0.8	1	1.44	0.667	0.8	0.3	1.21	male	-4.1	216.79	0.84	1.44	0.31
394	394	0.8	1	1.58	0.667	0.8	0.3	-0.61	male	-4.9	244.72	0.95	1.58	0.1
395	395	0.8	1	1.38	0.667	0.8	0.3	0.43	male	-3.7	221.02	0.86	1.38	0.43
396	396	0.8	1	1.7	0.667	0.8	0.3	-0.7	female	-5.5	193.09	0.75	1.7	0.8
397	397	0.8	1	1.68	0.667	0.8	0.3	3.38	ambiguous	-5.4	168.71	0.66	1.68	0.13
398	398	0.8	1	1.32	0.667	0.8	0.3	1.2	male	-3.3	205.03	0.8	1.32	0.8
399	399	0.8	1	1.33	0.667	0.8	0.3	-2.61	male	-3.4	226.14	0.88	1.33	0.8
400	400	0.8	1	1.16	0.667	0.8	0.3	-3.55	male	-2.2	208.81	0.81	1.16	0.49
401	401	0.8	1	1.26	0.667	0.8	0.3	1.51	male	-2.9	219.36	0.85	1.26	0.41
402	402	0.8	1	1.41	0.667	0.8	0.3	-2.73	male	-3.9	227.31	0.88	1.41	0.54
403	403	0.8	1	1.39	0.667	0.8	0.3	-0.84	ambiguous	-3.8	186.93	0.73	1.39	0.4
404	404	0.8	1	1.48	0.667	0.8	0.3	1.08	male	-4.3	189.14	0.73	1.48	0.48
405	405	0.8	1	1.49	0.667	0.8	0.3	1.07	male	-4.4	195.56	0.76	1.49	0.14
406	406	0.8	1	1.38	0.667	0.8	0.3	0.1	male	-3.7	231.05	0.9	1.38	0.27
407	407	0.8	1	1.46	0.667	0.8	0.3	-0.65	male	-4.2	181.61	0.71	1.46	0.21
408	408	0.8	1	1.71	0.667	0.8	0.3	-0.7	female	-5.6	203.02	0.79	1.71	0.39
409	409	0.8	1	1.36	0.667	0.8	0.3	-3.76	male	-3.6	221.58	0.86	1.36	0.52
410	410	0.8	1	1.15	0.667	0.8	0.3	1.47	male	-2.1	219.23	0.85	1.15	0.58
411	411	0.8	1	1.3	0.667	0.8	0.3	2.38	ambiguous	-3.2	177.13	0.69	1.3	0.79
412	412	0.8	1	1.39	0.667	0.8	0.3	0.47	ambiguous	-3.8	202.32	0.79	1.39	0.8
413	413	0.8	1	1.39	0.667	0.8	0.3	0.7	male	-3.8	143.44	0.56	1.39	0.31
414	414	0.8	1	1.39	0.667	0.8	0.3	1.19	male	-3.8	189.45	0.74	1.39	0.1
415	415	0.8	1	1.33	0.667	0.8	0.3	2.84	male	-3.4	194.26	0.75	1.33	0.43
416	416	0.8	1	1.35	0.667	0.8	0.3	0.34	male	-3.5	217.2	0.84	1.35	0.8
417	417	0.8	1	1.44	0.667	0.8	0.3	-0.75	ambiguous	-4.1	183.13	0.71	1.44	0.13
418	418	0.8	1	1.01	0.667	0.8	0.3	-1.42	male	-1	222.84	0.87	1.01	0.8
419	419	0.8	1	1.53	0.667	0.8	0.3	3.03	ambiguous	-4.6	163.53	0.64	1.53	0.8
420	420	0.8	1	1.51	0.667	0.8	0.3	0.73	female	-4.5	213.24	0.83	1.51	0.49
421	421	0.8	1	1.56	0.667	0.8	0.3	0.24	female	-4.8	190.99	0.74	1.56	0.41
422	422	0.8	1	1.24	0.667	0.8	0.3	1.1	ambiguous	-2.8	220.05	0.85	1.24	0.54
423	423	0.8	1	1.19	0.667	0.8	0.3	1.47	male	-2.4	213.37	0.83	1.19	0.4
424	424	0.8	1	1.41	0.667	0.8	0.3	0.54	female	-3.9	187.43	0.73	1.41	0.48
425	425	0.8	1	1.58	0.667	0.8	0.3	0.99	male	-4.9	206.23	0.8	1.58	0.14
426	426	0.8	1	1.11	0.667	0.8	0.3	-2.86	male	-1.8	223.13	0.87	1.11	0.27
427	427	0.8	1	1.43	0.667	0.8	0.3	0.12	male	-4	211.19	0.82	1.43	0.21
428	428	0.8	1	1.46	0.667	0.8	0.3	-1.55	male	-4.2	198.99	0.77	1.46	0.39
429	429	0.8	1	1.29	0.667	0.8	0.3	0.68	male	-3.1	252.1	0.98	1.29	0.52
430	430	0.8	1	1.38	0.667	0.8	0.3	-0.45	ambiguous	-3.7	218	0.85	1.38	0.58
431	431	0.8	1	1.32	0.667	0.8	0.3	2.3	male	-3.3	188.83	0.73	1.32	0.79
432	432	0.8	1	1.3	0.667	0.8	0.3	0	male	-3.2	195.02	0.76	1.3	0.8
433	433	0.8	1	1.43	0.667	0.8	0.3	1.36	ambiguous	-4	198.43	0.77	1.43	0.31
434	434	0.8	1	1.17	0.667	0.8	0.3	3.48	female	-2.3	191.09	0.74	1.17	0.1
435	435	0.8	1	1.41	0.667	0.8	0.3	-1.96	male	-3.9	221.02	0.86	1.41	0.43
436	436	0.8	1	1.6	0.667	0.8	0.3	-1.19	male	-5	226.87	0.88	1.6	0.8
437	437	0.8	1	1.53	0.667	0.8	0.3	-1.89	male	-4.6	245.06	0.95	1.53	0.13
438	438	0.8	1	1.27	0.667	0.8	0.3	-1.13	male	-3	200.01	0.78	1.27	0.8
439	439	0.8	1	1.53	0.667	0.8	0.3	-2.12	female	-4.6	218.95	0.85	1.53	0.8
440	440	0.8	1	1.43	0.667	0.8	0.3	-1.28	ambiguous	-4	208.81	0.81	1.43	0.49
441	441	0.8	1	1.35	0.667	0.8	0.3	0.43	male	-3.5	200.7	0.78	1.35	0.41
442	442	0.8	1	1.35	0.667	0.8	0.3	-1.55	male	-3.5	197.54	0.77	1.35	0.54
443	443	0.8	1	1.64	0.667	0.8	0.3	1.26	female	-5.2	169.2	0.66	1.64	0.4
444	444	0.8	1	1.46	0.667	0.8	0.3	-0.47	female	-4.2	173.89	0.68	1.46	0.48
445	445	0.8	1	1.29	0.667	0.8	0.3	2.1	male	-3.1	227.16	0.88	1.29	0.14
446	446	0.8	1	1.56	0.667	0.8	0.3	0.16	female	-4.8	214.15	0.83	1.56	0.27
447	447	0.8	1	1.48	0.667	0.8	0.3	-0.13	female	-4.3	225.7	0.88	1.48	0.21
448	448	0.8	1	1.29	0.667	0.8	0.3	-3.1	female	-3.1	262.84	1.02	1.29	0.39
449	449	0.8	1	1.44	0.667	0.8	0.3	0.52	female	-4.1	179.21	0.7	1.44	0.52
450	450	0.8	1	1.8	0.667	0.8	0.3	-2.02	female	-6	209.43	0.81	1.8	0.58
451	451	0.8	1	1.6	0.667	0.8	0.3	-1.85	female	-5	227.31	0.88	1.6	0.79
452	452	0.8	1	1.27	0.667	0.8	0.3	-4.31	male	-3	228.64	0.89	1.27	0.8
453	453	0.8	1	1.66	0.667	0.8	0.3	0.79	female	-5.3	199.22	0.77	1.66	0.31
454	454	0.8	1	1.21	0.667	0.8	0.3	-0.95	male	-2.6	233.35	0.91	1.21	0.1
455	455	0.8	1	1.66	0.667	0.8	0.3	-0.23	female	-5.3	214.81	0.83	1.66	0.43
456	456	0.8	1	1.51	0.667	0.8	0.3	0.97	male	-4.5	205.63	0.8	1.51	0.8
457	457	0.8	1	1.23	0.667	0.8	0.3	1.37	ambiguous	-2.7	174.4	0.68	1.23	0.13
458	458	0.8	1	1.71	0.667	0.8	0.3	0.79	female	-5.6	228.79	0.89	1.71	0.8
459	459	0.8	1	1.3	0.667	0.8	0.3	1.88	male	-3.2	219.5	0.85	1.3	0.8
460	460	0.8	1	1.2	0.667	0.8	0.3	5.94	male	-2.5	196.11	0.76	1.2	0.49
461	461	0.8	1	1.17	0.667	0.8	0.3	-1.27	female	-2.3	190.37	0.74	1.17	0.41
462	462	0.8	1	1.24	0.667	0.8	0.3	0.33	ambiguous	-2.8	176.77	0.69	1.24	0.54
463	463	0.8	1	1.27	0.667	0.8	0.3	1.63	male	-3	221.3	0.86	1.27	0.4
464	464	0.8	1	1.33	0.667	0.8	0.3	-0.57	female	-3.4	220.33	0.86	1.33	0.48
465	465	0.8	1	1.49	0.667	0.8	0.3	0.71	male	-4.4	197.98	0.77	1.49	0.14
466	466	0.8	1	1.64	0.667	0.8	0.3	1.49	female	-5.2	152.39	0.59	1.64	0.27
467	467	0.8	1	1.33	0.667	0.8	0.3	-0.42	female	-3.4	217.73	0.85	1.33	0.21
468	468	0.8	1	1.36	0.667	0.8	0.3	-0.66	female	-3.6	219.23	0.85	1.36	0.39
469	469	0.8	1	1.35	0.667	0.8	0.3	-0.82	ambiguous	-3.5	224.98	0.87	1.35	0.52
470	470	0.8	1	1.39	0.667	0.8	0.3	-0.55	ambiguous	-3.8	196.99	0.77	1.39	0.58
471	471	0.8	1	1.43	0.667	0.8	0.3	0.9	female	-4	186.43	0.72	1.43	0.79
472	472	0.8	1	1.24	0.667	0.8	0.3	0.73	male	-2.8	191.41	0.74	1.24	0.8
473	473	0.8	1	1.66	0.667	0.8	0.3	-1.41	male	-5.3	228.05	0.89	1.66	0.31
474	474	0.8	1	1.23	0.667	0.8	0.3	0.14	male	-2.7	213.11	0.83	1.23	0.1
475	475	0.8	1	1.56	0.667	0.8	0.3	-3.04	ambiguous	-4.8	221.58	0.86	1.56	0.43
476	476	0.8	1	1.3	0.667	0.8	0.3	1.05	male	-3.2	180.68	0.7	1.3	0.8
477	477	0.8	1	1.55	0.667	0.8	0.3	-0.12	male	-4.7	232.73	0.9	1.55	0.13
478	478	0.8	1	1.36	0.667	0.8	0.3	0.72	male	-3.6	182.27	0.71	1.36	0.8
479	479	0.8	1	1.09	0.667	0.8	0.3	-2.31	male	-1.7	214.28	0.83	1.09	0.8
480	480	0.8	1	1.43	0.667	0.8	0.3	-0.74	ambiguous	-4	222.42	0.86	1.43	0.49
481	481	0.8	1	1.17	0.667	0.8	0.3	0.74	male	-2.3	195.56	0.76	1.17	0.41
482	482	0.8	1	1.23	0.667	0.8	0.3	4.22	ambiguous	-2.7	182.65	0.71	1.23	0.54
483	483	0.8	1	1.43	0.667	0.8	0.3	2.29	male	-4	185.74	0.72	1.43	0.4
484	484	0.8	1	1.06	0.667	0.8	0.3	-0.71	male	-1.4	239.55	0.93	1.06	0.48
485	485	0.8	1	1.75	0.667	0.8	0.3	-0.97	female	-5.8	202.67	0.79	1.75	0.14
486	486	0.8	1	1.33	0.667	0.8	0.3	2.42	male	-3.4	178.39	0.69	1.33	0.27
487	487	0.8	1	1.46	0.667	0.8	0.3	0.06	female	-4.2	193.09	0.75	1.46	0.21
488	488	0.8	1	1.44	0.667	0.8	0.3	-1.02	female	-4.1	192.03	0.75	1.44	0.39
489	489	0.8	1	1.44	0.667	0.8	0.3	0.91	male	-4.1	192.35	0.75	1.44	0.52
490	490	0.8	1	1.53	0.667	0.8	0.3	1.68	male	-4.6	190.27	0.74	1.53	0.58
491	491	0.8	1	1.23	0.667	0.8	0.3	3.64	male	-2.7	197.1	0.77	1.23	0.79
492	492	0.8	1	1.49	0.667	0.8	0.3	-0.89	male	-4.4	243.54	0.95	1.49	0.8
493	493	0.8	1	1.48	0.667	0.8	0.3	0.7	female	-4.3	200.58	0.78	1.48	0.31
494	494	0.8	1	1.49	0.667	0.8	0.3	2.01	female	-4.4	187.13	0.73	1.49	0.1
495	495	0.8	1	1.44	0.667	0.8	0.3	-0.52	male	-4.1	198.1	0.77	1.44	0.43
496	496	0.8	1	1.09	0.667	0.8	0.3	0.86	male	-1.7	218.27	0.85	1.09	0.8
497	497	0.8	1	1.27	0.667	0.8	0.3	2.14	male	-3	206.96	0.8	1.27	0.13
498	498	0.8	1	1.21	0.667	0.8	0.3	-0.47	male	-2.6	209.43	0.81	1.21	0.8
499	499	0.8	1	1.12	0.667	0.8	0.3	-3.68	male	-1.9	208.44	0.81	1.12	0.8
500	500	0.8	1	1.24	0.667	0.8	0.3	-2.37	male	-2.8	217.06	0.84	1.24	0.49
501	501	0.8	1	1.46	0.667	0.8	0.3	-0.95	male	-4.2	207.82	0.81	1.46	0.41
502	502	0.8	1	0.99	0.667	0.8	0.3	1	male	-0.8	229.09	0.89	0.99	0.54
503	503	0.8	1	1.84	0.667	0.8	0.3	-1.47	female	-6.2	235.54	0.91	1.84	0.4
504	504	0.8	1	1.23	0.667	0.8	0.3	-0.18	male	-2.7	217.87	0.85	1.23	0.48
505	505	0.8	1	1.51	0.667	0.8	0.3	-0.32	female	-4.5	193.62	0.75	1.51	0.14
506	506	0.8	1	1.36	0.667	0.8	0.3	1.88	male	-3.6	217.73	0.85	1.36	0.27
507	507	0.8	1	1.55	0.667	0.8	0.3	-0.67	ambiguous	-4.7	189.04	0.73	1.55	0.21
508	508	0.8	1	1.49	0.667	0.8	0.3	-3.67	male	-4.4	229.24	0.89	1.49	0.39
509	509	0.8	1	1.48	0.667	0.8	0.3	0.39	male	-4.3	253.19	0.98	1.48	0.52
510	510	0.8	1	1.17	0.667	0.8	0.3	-0.36	ambiguous	-2.3	178.66	0.69	1.17	0.58
511	511	0.8	1	1.2	0.667	0.8	0.3	1.13	male	-2.5	236.17	0.92	1.2	0.79
512	512	0.8	1	1.26	0.667	0.8	0.3	-0.71	male	-2.9	223.84	0.87	1.26	0.8
513	513	0.8	1	1.58	0.667	0.8	0.3	-0.45	female	-4.9	199.67	0.78	1.58	0.31
514	514	0.8	1	1.38	0.667	0.8	0.3	-0.7	male	-3.7	206.11	0.8	1.38	0.1
515	515	0.8	1	1.58	0.667	0.8	0.3	0.61	female	-4.9	198.77	0.77	1.58	0.43
516	516	0.8	1	1.64	0.667	0.8	0.3	1	ambiguous	-5.2	207.21	0.8	1.64	0.8
517	517	0.8	1	1.64	0.667	0.8	0.3	0.55	female	-5.2	172.86	0.67	1.64	0.13
518	518	0.8	1	1.11	0.667	0.8	0.3	0.62	male	-1.8	204.91	0.8	1.11	0.8
519	519	0.8	1	1.6	0.667	0.8	0.3	-0.09	male	-5	218.41	0.85	1.6	0.8
520	520	0.8	1	1.36	0.667	0.8	0.3	-2.25	male	-3.6	228.94	0.89	1.36	0.49
521	521	0.8	1	1.29	0.667	0.8	0.3	1.18	male	-3.1	213.89	0.83	1.29	0.41
522	522	0.8	1	1.41	0.667	0.8	0.3	-2.62	male	-3.9	198.77	0.77	1.41	0.54
523	523	0.8	1	1.16	0.667	0.8	0.3	0.39	male	-2.2	213.63	0.83	1.16	0.4
524	524	0.8	1	1.51	0.667	0.8	0.3	1.83	female	-4.5	182.37	0.71	1.51	0.48
525	525	0.8	1	1.56	0.667	0.8	0.3	1.42	female	-4.8	194.91	0.76	1.56	0.14
526	526	0.8	1	1.11	0.667	0.8	0.3	-1	male	-1.8	266.84	1.04	1.11	0.27
527	527	0.8	1	1.33	0.667	0.8	0.3	-0.08	male	-3.4	228.34	0.89	1.33	0.21
528	528	0.8	1	1.3	0.667	0.8	0.3	1.35	male	-3.2	222.56	0.86	1.3	0.39
529	529	0.8	1	1.58	0.667	0.8	0.3	-1.2	female	-4.9	222.14	0.86	1.58	0.52
530	530	0.8	1	1.33	0.667	0.8	0.3	3.01	ambiguous	-3.4	167.34	0.65	1.33	0.58
531	531	0.8	1	1.3	0.667	0.8	0.3	-0.47	male	-3.2	218.41	0.85	1.3	0.79
532	532	0.8	1	1.49	0.667	0.8	0.3	1.72	female	-4.4	217.2	0.84	1.49	0.8
533	533	0.8	1	0.85	0.667	0.8	0.3	-1.86	male	0.5	210.18	0.82	0.85	0.31
534	534	0.8	1	1.35	0.667	0.8	0.3	0.34	ambiguous	-3.5	231.5	0.9	1.35	0.1
535	535	0.8	1	1.64	0.667	0.8	0.3	-1.02	female	-5.2	190.89	0.74	1.64	0.43
536	536	0.8	1	1.43	0.667	0.8	0.3	2.5	female	-4	164.75	0.64	1.43	0.8
537	537	0.8	1	1.36	0.667	0.8	0.3	-0.49	female	-3.6	230.59	0.9	1.36	0.13
538	538	0.8	1	1.48	0.667	0.8	0.3	-2.16	male	-4.3	201.73	0.78	1.48	0.8
539	539	0.8	1	1.6	0.667	0.8	0.3	-3.53	female	-5	193.73	0.75	1.6	0.8
540	540	0.8	1	1.51	0.667	0.8	0.3	-0.78	male	-4.5	211.83	0.82	1.51	0.49
541	541	0.8	1	1.41	0.667	0.8	0.3	-3.79	ambiguous	-3.9	254.65	0.99	1.41	0.41
542	542	0.8	1	1.24	0.667	0.8	0.3	2.18	male	-2.8	209.43	0.81	1.24	0.54
543	543	0.8	1	1.43	0.667	0.8	0.3	-2.87	male	-4	207.08	0.8	1.43	0.4
544	544	0.8	1	1.09	0.667	0.8	0.3	-1.74	male	-1.7	211.96	0.82	1.09	0.48
545	545	0.8	1	1.43	0.667	0.8	0.3	0.03	female	-4	208.44	0.81	1.43	0.14
546	546	0.8	1	1.39	0.667	0.8	0.3	-0.52	male	-3.8	193.51	0.75	1.39	0.27
547	547	0.8	1	0.99	0.667	0.8	0.3	2.02	male	-0.8	181.8	0.71	0.99	0.21
548	548	0.8	1	1.36	0.667	0.8	0.3	-1.24	female	-3.6	196.76	0.76	1.36	0.39
549	549	0.8	1	1.49	0.667	0.8	0.3	-0.21	male	-4.4	220.05	0.85	1.49	0.52
550	550	0.8	1	1.64	0.667	0.8	0.3	-3.76	female	-5.2	226.72	0.88	1.64	0.58
551	551	0.8	1	1.48	0.667	0.8	0.3	-0.08	female	-4.3	204.67	0.79	1.48	0.79
552	552	0.8	1	0.79	0.667	0.8	0.3	-2.8	male	1.1	248	0.96	0.79	0.8
553	553	0.8	1	1.68	0.667	0.8	0.3	-0.73	female	-5.4	225.13	0.87	1.68	0.31
554	554	0.8	1	1.29	0.667	0.8	0.3	0.05	female	-3.1	198.21	0.77	1.29	0.1
555	555	0.8	1	1.23	0.667	0.8	0.3	-1.81	female	-2.7	221.3	0.86	1.23	0.43
556	556	0.8	1	1.55	0.667	0.8	0.3	-1.55	female	-4.7	207.57	0.81	1.55	0.8
557	557	0.8	1	1.82	0.667	0.8	0.3	0.96	female	-6.1	217.33	0.84	1.82	0.13
558	558	0.8	1	1.64	0.667	0.8	0.3	-0.15	female	-5.2	205.51	0.8	1.64	0.8
559	559	0.8	1	1.62	0.667	0.8	0.3	0.18	male	-5.1	231.66	0.9	1.62	0.8
560	560	0.8	1	1.62	0.667	0.8	0.3	-2.04	female	-5.1	220.19	0.86	1.62	0.49
561	561	0.8	1	1.35	0.667	0.8	0.3	0.53	female	-3.5	181.05	0.7	1.35	0.41
562	562	0.8	1	1.41	0.667	0.8	0.3	0.67	female	-3.9	193.2	0.75	1.41	0.54
563	563	0.8	1	1.15	0.667	0.8	0.3	-0.4	male	-2.1	231.2	0.9	1.15	0.4
564	564	0.8	1	1.02	0.667	0.8	0.3	-4.14	male	-1.1	228.49	0.89	1.02	0.48
565	565	0.8	1	1.56	0.667	0.8	0.3	2.77	female	-4.8	183.61	0.71	1.56	0.14
566	566	0.8	1	1.71	0.667	0.8	0.3	-1.51	female	-5.6	180.96	0.7	1.71	0.27
567	567	0.8	1	1.38	0.667	0.8	0.3	0.83	female	-3.7	202.2	0.79	1.38	0.21
568	568	0.8	1	1.17	0.667	0.8	0.3	-0.19	male	-2.3	216.93	0.84	1.17	0.39
569	569	0.8	1	1.48	0.667	0.8	0.3	-0.76	male	-4.3	214.67	0.83	1.48	0.52
570	570	0.8	1	1.68	0.667	0.8	0.3	-1.65	ambiguous	-5.4	170.51	0.66	1.68	0.58
571	571	0.8	1	1.64	0.667	0.8	0.3	0.8	male	-5.2	216.66	0.84	1.64	0.79
572	572	0.8	1	1.41	0.667	0.8	0.3	-0.71	male	-3.9	201.5	0.78	1.41	0.8
573	573	0.8	1	1.51	0.667	0.8	0.3	0.6	ambiguous	-4.5	206.48	0.8	1.51	0.31
574	574	0.8	1	1.35	0.667	0.8	0.3	-1.04	female	-3.5	205.27	0.8	1.35	0.1
575	575	0.8	1	1.33	0.667	0.8	0.3	0.31	male	-3.4	198.21	0.77	1.33	0.43
576	576	0.8	1	1.66	0.667	0.8	0.3	-0.29	female	-5.3	192.35	0.75	1.66	0.8
577	577	0.8	1	1.19	0.667	0.8	0.3	-0.63	male	-2.4	221.16	0.86	1.19	0.13
578	578	0.8	1	1.36	0.667	0.8	0.3	3.19	male	-3.6	186.33	0.72	1.36	0.8
579	579	0.8	1	1.36	0.667	0.8	0.3	1.97	female	-3.6	204.08	0.79	1.36	0.8
580	580	0.8	1	1.71	0.667	0.8	0.3	1.11	female	-5.6	188.23	0.73	1.71	0.49
581	581	0.8	1	1.53	0.667	0.8	0.3	1.46	female	-4.6	161.65	0.63	1.53	0.41
582	582	0.8	1	1.15	0.667	0.8	0.3	0.61	female	-2.1	206.35	0.8	1.15	0.54
583	583	0.8	1	1.43	0.667	0.8	0.3	2.24	male	-4	231.35	0.9	1.43	0.4
584	584	0.8	1	1.46	0.667	0.8	0.3	2.15	male	-4.2	195.67	0.76	1.46	0.48
585	585	0.8	1	1.48	0.667	0.8	0.3	-2.21	female	-4.3	201.27	0.78	1.48	0.14
586	586	0.8	1	1.35	0.667	0.8	0.3	-0.43	male	-3.5	201.16	0.78	1.35	0.27
587	587	0.8	1	1.44	0.667	0.8	0.3	2.21	female	-4.1	145.52	0.57	1.44	0.21
588	588	0.8	1	1.43	0.667	0.8	0.3	-0.84	female	-4	215.07	0.84	1.43	0.39
589	589	0.8	1	1.46	0.667	0.8	0.3	1.08	male	-4.2	228.94	0.89	1.46	0.52
590	590	0.8	1	1.71	0.667	0.8	0.3	1.7	female	-5.6	183.51	0.71	1.71	0.58
591	591	0.8	1	1.39	0.667	0.8	0.3	-3.33	male	-3.8	221.02	0.86	1.39	0.79
592	592	0.8	1	1.51	0.667	0.8	0.3	-0.9	ambiguous	-4.5	191.93	0.75	1.51	0.8
593	593	0.8	1	1.35	0.667	0.8	0.3	-0.96	ambiguous	-3.5	188.83	0.73	1.35	0.31
594	594	0.8	1	1.11	0.667	0.8	0.3	0.11	male	-1.8	204.79	0.8	1.11	0.1
595	595	0.8	1	1.48	0.667	0.8	0.3	-3.1	female	-4.3	209.55	0.81	1.48	0.43
596	596	0.8	1	1.02	0.667	0.8	0.3	-2.23	male	-1.1	231.05	0.9	1.02	0.8
597	597	0.8	1	1.48	0.667	0.8	0.3	-2.92	male	-4.3	200.47	0.78	1.48	0.13
598	598	0.8	1	1.46	0.667	0.8	0.3	2.84	male	-4.2	187.03	0.73	1.46	0.8
599	599	0.8	1	1.62	0.667	0.8	0.3	-0.61	female	-5.1	194.59	0.76	1.62	0.8
600	600	0.8	1	1.26	0.667	0.8	0.3	-0.49	male	-2.9	215.33	0.84	1.26	0.49
601	601	0.8	1	1.36	0.667	0.8	0.3	-0.26	female	-3.6	199.67	0.78	1.36	0.41
602	602	0.8	1	1.19	0.667	0.8	0.3	1.57	male	-2.4	205.87	0.8	1.19	0.54
603	603	0.8	1	1.6	0.667	0.8	0.3	-2.57	female	-5	200.24	0.78	1.6	0.4
604	604	0.8	1	1.08	0.667	0.8	0.3	-1.21	male	-1.6	212.85	0.83	1.08	0.48
605	605	0.8	1	1.16	0.667	0.8	0.3	-0.74	male	-2.2	192.67	0.75	1.16	0.14
606	606	0.8	1	1.23	0.667	0.8	0.3	0.85	male	-2.7	171.59	0.67	1.23	0.27
607	607	0.8	1	1.29	0.667	0.8	0.3	-2.51	male	-3.1	206.6	0.8	1.29	0.21
608	608	0.8	1	1.38	0.667	0.8	0.3	1.12	male	-3.7	207.33	0.81	1.38	0.39
609	609	0.8	1	1.43	0.667	0.8	0.3	0.44	male	-4	185.64	0.72	1.43	0.52
610	610	0.8	1	1.48	0.667	0.8	0.3	3.16	male	-4.3	179.57	0.7	1.48	0.58
611	611	0.8	1	1.58	0.667	0.8	0.3	-0.64	female	-4.9	188.53	0.73	1.58	0.79
612	612	0.8	1	1.41	0.667	0.8	0.3	-0.56	ambiguous	-3.9	193.09	0.75	1.41	0.8
613	613	0.8	1	1.48	0.667	0.8	0.3	-2.93	male	-4.3	203.72	0.79	1.48	0.31
614	614	0.8	1	1.64	0.667	0.8	0.3	-0.31	female	-5.2	180.68	0.7	1.64	0.1
615	615	0.8	1	1.07	0.667	0.8	0.3	-1.58	male	-1.5	229.99	0.89	1.07	0.43
616	616	0.8	1	1.19	0.667	0.8	0.3	1.26	male	-2.4	214.41	0.83	1.19	0.8
617	617	0.8	1	1.64	0.667	0.8	0.3	-2.48	female	-5.2	210.43	0.82	1.64	0.13
618	618	0.8	1	1.36	0.667	0.8	0.3	-0.16	male	-3.6	208.93	0.81	1.36	0.8
619	619	0.8	1	1.21	0.667	0.8	0.3	-0.13	ambiguous	-2.6	230.29	0.89	1.21	0.8
620	620	0.8	1	1.58	0.667	0.8	0.3	1.61	ambiguous	-4.9	206.96	0.8	1.58	0.49
621	621	0.8	1	1.17	0.667	0.8	0.3	0.07	ambiguous	-2.3	140.57	0.55	1.17	0.41
622	622	0.8	1	1.49	0.667	0.8	0.3	-0.81	male	-4.4	229.39	0.89	1.49	0.54
623	623	0.8	1	1.39	0.667	0.8	0.3	-2.77	female	-3.8	207.33	0.81	1.39	0.4
624	624	0.8	1	1.3	0.667	0.8	0.3	-0.84	female	-3.2	230.59	0.9	1.3	0.48
625	625	0.8	1	1.55	0.667	0.8	0.3	0.27	female	-4.7	190.37	0.74	1.55	0.14
626	626	0.8	1	1.49	0.667	0.8	0.3	-1.93	female	-4.4	191.09	0.74	1.49	0.27
627	627	0.8	1	0.99	0.667	0.8	0.3	-0.44	male	-0.8	238.9	0.93	0.99	0.21
628	628	0.8	1	1.35	0.667	0.8	0.3	1.38	female	-3.5	206.6	0.8	1.35	0.39
629	629	0.8	1	1.56	0.667	0.8	0.3	-0.59	male	-4.8	217.06	0.84	1.56	0.52
630	630	0.8	1	1.21	0.667	0.8	0.3	-1.14	ambiguous	-2.6	230.89	0.9	1.21	0.58
631	631	0.8	1	1.05	0.667	0.8	0.3	-2.08	male	-1.3	199.56	0.77	1.05	0.79
632	632	0.8	1	1.26	0.667	0.8	0.3	-0.65	male	-2.9	178.84	0.69	1.26	0.8
633	633	0.8	1	0.98	0.667	0.8	0.3	0.65	male	-0.7	215.46	0.84	0.98	0.31
634	634	0.8	1	1.36	0.667	0.8	0.3	-1.34	male	-3.6	219.09	0.85	1.36	0.1
635	635	0.8	1	1.21	0.667	0.8	0.3	0.06	ambiguous	-2.6	181.05	0.7	1.21	0.43
636	636	0.8	1	1.32	0.667	0.8	0.3	0.63	male	-3.3	205.27	0.8	1.32	0.8
637	637	0.8	1	1.39	0.667	0.8	0.3	-0.05	male	-3.8	228.64	0.89	1.39	0.13
638	638	0.8	1	1.49	0.667	0.8	0.3	0.24	ambiguous	-4.4	178.66	0.69	1.49	0.8
639	639	0.8	1	1.17	0.667	0.8	0.3	0.24	ambiguous	-2.3	193.62	0.75	1.17	0.8
640	640	0.8	1	1.32	0.667	0.8	0.3	1.03	male	-3.3	249.94	0.97	1.32	0.49
641	641	0.8	1	1.36	0.667	0.8	0.3	-1.58	male	-3.6	218.95	0.85	1.36	0.41
642	642	0.8	1	1.36	0.667	0.8	0.3	0.1	male	-3.6	196.65	0.76	1.36	0.54
643	643	0.8	1	1.07	0.667	0.8	0.3	0.66	male	-1.5	211.57	0.82	1.07	0.4
644	644	0.8	1	1.55	0.667	0.8	0.3	1.61	female	-4.7	224.26	0.87	1.55	0.48
645	645	0.8	1	1.23	0.667	0.8	0.3	-1.56	male	-2.7	212.34	0.82	1.23	0.14
646	646	0.8	1	1.15	0.667	0.8	0.3	0.5	male	-2.1	186.63	0.72	1.15	0.27
647	647	0.8	1	1.33	0.667	0.8	0.3	1.36	ambiguous	-3.4	197.76	0.77	1.33	0.21
648	648	0.8	1	1.24	0.667	0.8	0.3	0.07	male	-2.8	203.72	0.79	1.24	0.39
649	649	0.8	1	1.43	0.667	0.8	0.3	-2.23	female	-4	194.91	0.76	1.43	0.52
650	650	0.8	1	1.64	0.667	0.8	0.3	-1.64	female	-5.2	207.94	0.81	1.64	0.58
651	651	0.8	1	1.44	0.667	0.8	0.3	1.04	ambiguous	-4.1	170.93	0.66	1.44	0.79
652	652	0.8	1	1.51	0.667	0.8	0.3	-0.36	female	-4.5	208.68	0.81	1.51	0.8
653	653	0.8	1	1.44	0.667	0.8	0.3	1.15	male	-4.1	161.05	0.63	1.44	0.31
654	654	0.8	1	1.38	0.667	0.8	0.3	-0.19	ambiguous	-3.7	204.08	0.79	1.38	0.1
655	655	0.8	1	1.21	0.667	0.8	0.3	-1.43	male	-2.6	237.29	0.92	1.21	0.43
656	656	0.8	1	1.46	0.667	0.8	0.3	1.76	female	-4.2	173.71	0.67	1.46	0.8
657	657	0.8	1	1.48	0.667	0.8	0.3	2.76	female	-4.3	189.55	0.74	1.48	0.13
658	658	0.8	1	1.71	0.667	0.8	0.3	-0.4	female	-5.6	212.47	0.83	1.71	0.8
659	659	0.8	1	1.26	0.667	0.8	0.3	-0.39	male	-2.9	195.34	0.76	1.26	0.8
660	660	0.8	1	1.3	0.667	0.8	0.3	0.68	male	-3.2	223.98	0.87	1.3	0.49
661	661	0.8	1	1.29	0.667	0.8	0.3	2.22	female	-3.1	175.8	0.68	1.29	0.41
662	662	0.8	1	1.17	0.667	0.8	0.3	-1.76	male	-2.3	215.6	0.84	1.17	0.54
663	663	0.8	1	1.21	0.667	0.8	0.3	0.82	male	-2.6	231.66	0.9	1.21	0.4
664	664	0.8	1	1.6	0.667	0.8	0.3	-0.48	female	-5	196.54	0.76	1.6	0.48
665	665	0.8	1	1.38	0.667	0.8	0.3	-0.02	ambiguous	-3.7	222.84	0.87	1.38	0.14
666	666	0.8	1	1.03	0.667	0.8	0.3	1.09	male	-1.2	189.55	0.74	1.03	0.27
667	667	0.8	1	1.3	0.667	0.8	0.3	0.4	ambiguous	-3.2	215.07	0.84	1.3	0.21
668	668	0.8	1	1.36	0.667	0.8	0.3	-1.71	male	-3.6	228.64	0.89	1.36	0.39
669	669	0.8	1	1.26	0.667	0.8	0.3	-0.88	male	-2.9	209.3	0.81	1.26	0.52
670	670	0.8	1	1.01	0.667	0.8	0.3	3.64	male	-1	223.55	0.87	1.01	0.58
671	671	0.8	1	1.08	0.667	0.8	0.3	0.94	male	-1.6	188.43	0.73	1.08	0.79
672	672	0.8	1	1.33	0.667	0.8	0.3	1.8	ambiguous	-3.4	182.46	0.71	1.33	0.8
673	673	0.8	1	1.49	0.667	0.8	0.3	2.59	male	-4.4	195.56	0.76	1.49	0.31
674	674	0.8	1	1.27	0.667	0.8	0.3	-0.08	male	-3	215.33	0.84	1.27	0.1
675	675	0.8	1	1.35	0.667	0.8	0.3	0.82	female	-3.5	203.84	0.79	1.35	0.43
676	676	0.8	1	1.39	0.667	0.8	0.3	-0.11	ambiguous	-3.8	225.99	0.88	1.39	0.8
677	677	0.8	1	1.32	0.667	0.8	0.3	2.12	male	-3.3	211.19	0.82	1.32	0.13
678	678	0.8	1	1.38	0.667	0.8	0.3	1.82	male	-3.7	183.99	0.71	1.38	0.8
679	679	0.8	1	1.64	0.667	0.8	0.3	0.51	female	-5.2	178.39	0.69	1.64	0.8
680	680	0.8	1	1.66	0.667	0.8	0.3	1.28	male	-5.3	161.42	0.63	1.66	0.49
681	681	0.8	1	1.6	0.667	0.8	0.3	-1.06	female	-5	206.96	0.8	1.6	0.41
682	682	0.8	1	1.46	0.667	0.8	0.3	0.97	ambiguous	-4.2	172.94	0.67	1.46	0.54
683	683	0.8	1	1.53	0.667	0.8	0.3	-1.43	ambiguous	-4.6	213.11	0.83	1.53	0.4
684	684	0.8	1	1.29	0.667	0.8	0.3	3.38	male	-3.1	166.71	0.65	1.29	0.48
685	685	0.8	1	1.32	0.667	0.8	0.3	1.08	male	-3.3	191.72	0.74	1.32	0.14
686	686	0.8	1	1.2	0.667	0.8	0.3	-1.99	male	-2.5	253.55	0.98	1.2	0.27
687	687	0.8	1	1.09	0.667	0.8	0.3	0.4	male	-1.7	191.93	0.75	1.09	0.21
688	688	0.8	1	1.39	0.667	0.8	0.3	0.93	male	-3.8	212.34	0.82	1.39	0.39
689	689	0.8	1	1.53	0.667	0.8	0.3	-0.81	male	-4.6	206.6	0.8	1.53	0.52
690	690	0.8	1	1.17	0.667	0.8	0.3	3.45	male	-2.3	192.45	0.75	1.17	0.58
691	691	0.8	1	1.48	0.667	0.8	0.3	-0.95	ambiguous	-4.3	200.01	0.78	1.48	0.79
692	692	0.8	1	1.48	0.667	0.8	0.3	-3.19	female	-4.3	215.33	0.84	1.48	0.8
693	693	0.8	1	1.38	0.667	0.8	0.3	-1.07	female	-3.7	194.37	0.75	1.38	0.31
694	694	0.8	1	1.35	0.667	0.8	0.3	1.68	female	-3.5	207.82	0.81	1.35	0.1
695	695	0.8	1	1.66	0.667	0.8	0.3	0.08	female	-5.3	196.22	0.76	1.66	0.43
696	696	0.8	1	1.38	0.667	0.8	0.3	-0.26	ambiguous	-3.7	196.88	0.76	1.38	0.8
697	697	0.8	1	1.36	0.667	0.8	0.3	0.85	male	-3.6	196.88	0.76	1.36	0.13
698	698	0.8	1	1.78	0.667	0.8	0.3	2.92	female	-5.9	189.75	0.74	1.78	0.8
699	699	0.8	1	1.6	0.667	0.8	0.3	-0.56	female	-5	206.48	0.8	1.6	0.8
700	700	0.8	1	1.15	0.667	0.8	0.3	0.78	male	-2.1	206.96	0.8	1.15	0.49
701	701	0.8	1	1.58	0.667	0.8	0.3	1.1	female	-4.9	187.73	0.73	1.58	0.41
702	702	0.8	1	1.35	0.667	0.8	0.3	-0.38	female	-3.5	197.76	0.77	1.35	0.54
703	703	0.8	1	1.48	0.667	0.8	0.3	-0.52	ambiguous	-4.3	174.32	0.68	1.48	0.4
704	704	0.8	1	1.48	0.667	0.8	0.3	-0.88	male	-4.3	201.5	0.78	1.48	0.48
705	705	0.8	1	1.35	0.667	0.8	0.3	-0.94	male	-3.5	230.59	0.9	1.35	0.14
706	706	0.8	1	1.11	0.667	0.8	0.3	2.08	male	-1.8	208.93	0.81	1.11	0.27
707	707	0.8	1	1.46	0.667	0.8	0.3	1.74	female	-4.2	186.53	0.72	1.46	0.21
708	708	0.8	1	1.68	0.667	0.8	0.3	0.36	female	-5.4	205.39	0.8	1.68	0.39
709	709	0.8	1	1.2	0.667	0.8	0.3	-0.92	male	-2.5	211.83	0.82	1.2	0.52
710	710	0.8	1	1.41	0.667	0.8	0.3	-2.81	female	-3.9	197.54	0.77	1.41	0.58
711	711	0.8	1	1.27	0.667	0.8	0.3	-0.12	ambiguous	-3	207.94	0.81	1.27	0.79
712	712	0.8	1	1.46	0.667	0.8	0.3	0.59	female	-4.2	202.55	0.79	1.46	0.8
713	713	0.8	1	1.46	0.667	0.8	0.3	0.62	male	-4.2	195.89	0.76	1.46	0.31
714	714	0.8	1	1.24	0.667	0.8	0.3	-2.73	ambiguous	-2.8	199.33	0.77	1.24	0.1
715	715	0.8	1	1.23	0.667	0.8	0.3	-1.42	male	-2.7	202.67	0.79	1.23	0.43
716	716	0.8	1	1.66	0.667	0.8	0.3	1.31	male	-5.3	189.24	0.73	1.66	0.8
717	717	0.8	1	1.36	0.667	0.8	0.3	2.18	ambiguous	-3.6	208.56	0.81	1.36	0.13
718	718	0.8	1	1.55	0.667	0.8	0.3	0.87	male	-4.7	198.43	0.77	1.55	0.8
719	719	0.8	1	1.48	0.667	0.8	0.3	-0.13	female	-4.3	215.33	0.84	1.48	0.8
720	720	0.8	1	0.95	0.667	0.8	0.3	1.5	male	-0.5	202.2	0.79	0.95	0.49
721	721	0.8	1	1.26	0.667	0.8	0.3	-0.48	male	-2.9	183.7	0.71	1.26	0.41
722	722	0.8	1	1.27	0.667	0.8	0.3	-0.69	male	-3	238.74	0.93	1.27	0.54
723	723	0.8	1	1.41	0.667	0.8	0.3	-0.21	female	-3.9	223.41	0.87	1.41	0.4
724	724	0.8	1	1.33	0.667	0.8	0.3	-1.06	male	-3.4	235.85	0.92	1.33	0.48
725	725	0.8	1	1.55	0.667	0.8	0.3	1.12	male	-4.7	186.83	0.73	1.55	0.14
726	726	0.8	1	1.58	0.667	0.8	0.3	0.36	ambiguous	-4.9	213.11	0.83	1.58	0.27
727	727	0.8	1	1.55	0.667	0.8	0.3	2.52	female	-4.7	188.23	0.73	1.55	0.21
728	728	0.8	1	1.05	0.667	0.8	0.3	-1.16	male	-1.3	214.54	0.83	1.05	0.39
729	729	0.8	1	1.49	0.667	0.8	0.3	-0.72	male	-4.4	221.44	0.86	1.49	0.52
730	730	0.8	1	1.36	0.667	0.8	0.3	1.24	male	-3.6	186.13	0.72	1.36	0.58
731	731	0.8	1	1.53	0.667	0.8	0.3	-1.59	female	-4.6	213.11	0.83	1.53	0.79
732	732	0.8	1	1.51	0.667	0.8	0.3	0.63	ambiguous	-4.5	202.08	0.78	1.51	0.8
733	733	0.8	1	1.64	0.667	0.8	0.3	1.72	female	-5.2	180.59	0.7	1.64	0.31
734	734	0.8	1	1.6	0.667	0.8	0.3	1.73	male	-5	181.8	0.71	1.6	0.1
735	735	0.8	1	1.43	0.667	0.8	0.3	-4.03	male	-4	251.92	0.98	1.43	0.43
736	736	0.8	1	1.05	0.667	0.8	0.3	0.38	male	-1.3	195.13	0.76	1.05	0.8
737	737	0.8	1	1.68	0.667	0.8	0.3	0.24	female	-5.4	172.18	0.67	1.68	0.13
738	738	0.8	1	1.2	0.667	0.8	0.3	-1.9	male	-2.5	211.96	0.82	1.2	0.8
739	739	0.8	1	1.48	0.667	0.8	0.3	0.85	male	-4.3	214.15	0.83	1.48	0.8
740	740	0.8	1	1.27	0.667	0.8	0.3	3.83	male	-3	195.13	0.76	1.27	0.49
741	741	0.8	1	1.56	0.667	0.8	0.3	0.75	female	-4.8	181.71	0.71	1.56	0.41
742	742	0.8	1	1.29	0.667	0.8	0.3	1.25	male	-3.1	182.84	0.71	1.29	0.54
743	743	0.8	1	1.48	0.667	0.8	0.3	-2.94	male	-4.3	198.54	0.77	1.48	0.4
744	744	0.8	1	1.38	0.667	0.8	0.3	-1.31	male	-3.7	237.93	0.92	1.38	0.48
745	745	0.8	1	1.64	0.667	0.8	0.3	5.04	female	-5.2	156.67	0.61	1.64	0.14
746	746	0.8	1	1.44	0.667	0.8	0.3	-2.72	female	-4.1	215.46	0.84	1.44	0.27
747	747	0.8	1	1.33	0.667	0.8	0.3	1.14	ambiguous	-3.4	184.38	0.72	1.33	0.21
748	748	0.8	1	1.62	0.667	0.8	0.3	2.91	female	-5.1	158.58	0.62	1.62	0.39
749	749	0.8	1	1.44	0.667	0.8	0.3	3.73	male	-4.1	193.73	0.75	1.44	0.52
750	750	0.8	1	1.29	0.667	0.8	0.3	1.36	male	-3.1	182.27	0.71	1.29	0.58
751	751	0.8	1	1.48	0.667	0.8	0.3	-1.84	male	-4.3	209.3	0.81	1.48	0.79
752	752	0.8	1	1.2	0.667	0.8	0.3	-0.86	male	-2.5	217.73	0.85	1.2	0.8
753	753	0.8	1	1.33	0.667	0.8	0.3	-1.99	male	-3.4	220.19	0.86	1.33	0.31
754	754	0.8	1	1.66	0.667	0.8	0.3	0.45	female	-5.3	217.33	0.84	1.66	0.1
755	755	0.8	1	1.39	0.667	0.8	0.3	-0.16	female	-3.8	209.18	0.81	1.39	0.43
756	756	0.8	1	1.58	0.667	0.8	0.3	0.21	ambiguous	-4.9	163.38	0.63	1.58	0.8
757	757	0.8	1	1.55	0.667	0.8	0.3	1.57	female	-4.7	166.16	0.65	1.55	0.13
758	758	0.8	1	1.41	0.667	0.8	0.3	1.05	male	-3.9	195.02	0.76	1.41	0.8
759	759	0.8	1	1.78	0.667	0.8	0.3	-1.8	female	-5.9	194.16	0.75	1.78	0.8
760	760	0.8	1	1.41	0.667	0.8	0.3	-2.81	male	-3.9	223.13	0.87	1.41	0.49
761	761	0.8	1	1.78	0.667	0.8	0.3	-0.07	female	-5.9	222.42	0.86	1.78	0.41
762	762	0.8	1	1.08	0.667	0.8	0.3	1.21	male	-1.6	206.72	0.8	1.08	0.54
763	763	0.8	1	1.23	0.667	0.8	0.3	1.05	male	-2.7	206.23	0.8	1.23	0.4
764	764	0.8	1	1.24	0.667	0.8	0.3	0.95	female	-2.8	189.14	0.73	1.24	0.48
765	765	0.8	1	1.7	0.667	0.8	0.3	0.5	female	-5.5	217.46	0.84	1.7	0.14
766	766	0.8	1	1.55	0.667	0.8	0.3	0.57	female	-4.7	234.44	0.91	1.55	0.27
767	767	0.8	1	1.58	0.667	0.8	0.3	-0.17	male	-4.9	196.76	0.76	1.58	0.21
768	768	0.8	1	1.33	0.667	0.8	0.3	-0.25	ambiguous	-3.4	228.05	0.89	1.33	0.39
769	769	0.8	1	1.35	0.667	0.8	0.3	0.89	male	-3.5	177.76	0.69	1.35	0.52
770	770	0.8	1	1.21	0.667	0.8	0.3	1.74	male	-2.6	191.72	0.74	1.21	0.58
771	771	0.8	1	1.56	0.667	0.8	0.3	-1.2	female	-4.8	222.98	0.87	1.56	0.79
772	772	0.8	1	1.11	0.667	0.8	0.3	3.85	male	-1.8	191.41	0.74	1.11	0.8
773	773	0.8	1	1.49	0.667	0.8	0.3	-1.22	female	-4.4	200.81	0.78	1.49	0.31
774	774	0.8	1	1.64	0.667	0.8	0.3	-0.48	ambiguous	-5.2	200.47	0.78	1.64	0.1
775	775	0.8	1	1.53	0.667	0.8	0.3	1.45	female	-4.6	201.39	0.78	1.53	0.43
776	776	0.8	1	1.2	0.667	0.8	0.3	-0.47	male	-2.5	229.24	0.89	1.2	0.8
777	777	0.8	1	1.86	0.667	0.8	0.3	1.21	ambiguous	-6.3	169.61	0.66	1.86	0.13
778	778	0.8	1	1.23	0.667	0.8	0.3	-2.33	male	-2.7	210.18	0.82	1.23	0.8
779	779	0.8	1	1.36	0.667	0.8	0.3	0.59	male	-3.6	249.59	0.97	1.36	0.8
780	780	0.8	1	1.36	0.667	0.8	0.3	1.1	female	-3.6	230.74	0.9	1.36	0.49
781	781	0.8	1	1.27	0.667	0.8	0.3	0.9	male	-3	210.56	0.82	1.27	0.41
782	782	0.8	1	1.39	0.667	0.8	0.3	-1.38	ambiguous	-3.8	195.89	0.76	1.39	0.54
783	783	0.8	1	1.46	0.667	0.8	0.3	2.18	ambiguous	-4.2	156.88	0.61	1.46	0.4
784	784	0.8	1	1.07	0.667	0.8	0.3	1.58	male	-1.5	195.56	0.76	1.07	0.48
785	785	0.8	1	1.64	0.667	0.8	0.3	-2.62	female	-5.2	214.54	0.83	1.64	0.14
786	786	0.8	1	1.33	0.667	0.8	0.3	-2.08	female	-3.4	240.7	0.93	1.33	0.27
787	787	0.8	1	1.23	0.667	0.8	0.3	1.67	male	-2.7	242.86	0.94	1.23	0.21
788	788	0.8	1	1.36	0.667	0.8	0.3	-1.25	male	-3.6	228.34	0.89	1.36	0.39
789	789	0.8	1	1.53	0.667	0.8	0.3	1.46	male	-4.6	200.58	0.78	1.53	0.52
790	790	0.8	1	1.53	0.667	0.8	0.3	2.36	female	-4.6	155.98	0.61	1.53	0.58
791	791	0.8	1	1.73	0.667	0.8	0.3	3.38	ambiguous	-5.7	195.89	0.76	1.73	0.79
792	792	0.8	1	1.46	0.667	0.8	0.3	-1.23	male	-4.2	214.28	0.83	1.46	0.8
793	793	0.8	1	1.21	0.667	0.8	0.3	2.4	male	-2.6	192.67	0.75	1.21	0.31
794	794	0.8	1	1.7	0.667	0.8	0.3	-3.1	female	-5.5	214.15	0.83	1.7	0.1
795	795	0.8	1	1.33	0.667	0.8	0.3	1.45	male	-3.4	208.19	0.81	1.33	0.43
796	796	0.8	1	1.62	0.667	0.8	0.3	-3.36	female	-5.1	220.6	0.86	1.62	0.8
797	797	0.8	1	0.95	0.667	0.8	0.3	-0.91	male	-0.5	212.6	0.83	0.95	0.13
798	798	0.8	1	1.51	0.667	0.8	0.3	-1.8	ambiguous	-4.5	233.97	0.91	1.51	0.8
799	799	0.8	1	1.36	0.667	0.8	0.3	3.96	male	-3.6	165.53	0.64	1.36	0.8
800	800	0.8	1	0.96	0.667	0.8	0.3	-4.74	male	-0.6	213.5	0.83	0.96	0.49
801	801	0.8	1	1.55	0.667	0.8	0.3	-0.7	male	-4.7	196.76	0.76	1.55	0.41
802	802	0.8	1	1.44	0.667	0.8	0.3	-0.21	male	-4.1	220.47	0.86	1.44	0.54
803	803	0.8	1	1.35	0.667	0.8	0.3	2.95	male	-3.5	184.86	0.72	1.35	0.4
804	804	0.8	1	1.02	0.667	0.8	0.3	1.16	male	-1.1	220.05	0.85	1.02	0.48
805	805	0.8	1	1.29	0.667	0.8	0.3	-6.35	male	-3.1	213.37	0.83	1.29	0.14
806	806	0.8	1	0.98	0.667	0.8	0.3	-1.73	male	-0.7	232.88	0.9	0.98	0.27
807	807	0.8	1	1.82	0.667	0.8	0.3	-1.79	female	-6.1	202.2	0.79	1.82	0.21
808	808	0.8	1	1.24	0.667	0.8	0.3	-0.33	male	-2.8	191.09	0.74	1.24	0.39
809	809	0.8	1	1.27	0.667	0.8	0.3	1.74	male	-3	220.47	0.86	1.27	0.52
810	810	0.8	1	1.53	0.667	0.8	0.3	-0.19	ambiguous	-4.6	229.39	0.89	1.53	0.58
811	811	0.8	1	1.41	0.667	0.8	0.3	1.07	male	-3.9	155.7	0.6	1.41	0.79
812	812	0.8	1	1.35	0.667	0.8	0.3	1.66	male	-3.5	207.33	0.81	1.35	0.8
813	813	0.8	1	1.2	0.667	0.8	0.3	0.84	male	-2.5	209.43	0.81	1.2	0.31
814	814	0.8	1	1.32	0.667	0.8	0.3	1.59	male	-3.3	198.1	0.77	1.32	0.1
815	815	0.8	1	1.44	0.667	0.8	0.3	-2.17	female	-4.1	200.81	0.78	1.44	0.43
816	816	0.8	1	1.51	0.667	0.8	0.3	-1.11	male	-4.5	212.98	0.83	1.51	0.8
817	817	0.8	1	1.43	0.667	0.8	0.3	-2.45	male	-4	266.03	1.03	1.43	0.13
818	818	0.8	1	1.24	0.667	0.8	0.3	0.52	male	-2.8	210.56	0.82	1.24	0.8
819	819	0.8	1	1.43	0.667	0.8	0.3	-5.37	female	-4	220.74	0.86	1.43	0.8
820	820	0.8	1	1.55	0.667	0.8	0.3	2.65	female	-4.7	166.39	0.65	1.55	0.49
821	821	0.8	1	1.15	0.667	0.8	0.3	-0.57	male	-2.1	228.2	0.89	1.15	0.41
822	822	0.8	1	1.44	0.667	0.8	0.3	2.67	male	-4.1	182.65	0.71	1.44	0.54
823	823	0.8	1	1.48	0.667	0.8	0.3	-0.47	female	-4.3	202.32	0.79	1.48	0.4
824	824	0.8	1	1.13	0.667	0.8	0.3	1.08	male	-2	206.11	0.8	1.13	0.48
825	825	0.8	1	1.29	0.667	0.8	0.3	3.33	male	-3.1	189.34	0.74	1.29	0.14
826	826	0.8	1	1.39	0.667	0.8	0.3	0.59	male	-3.8	229.84	0.89	1.39	0.27
827	827	0.8	1	1.6	0.667	0.8	0.3	-0.94	male	-5	207.21	0.8	1.6	0.21
828	828	0.8	1	1.58	0.667	0.8	0.3	0.42	male	-4.9	211.83	0.82	1.58	0.39
829	829	0.8	1	1.13	0.667	0.8	0.3	-1.37	male	-2	216.79	0.84	1.13	0.52
830	830	0.8	1	1.27	0.667	0.8	0.3	2.25	female	-3	195.45	0.76	1.27	0.58
831	831	0.8	1	1.09	0.667	0.8	0.3	0.73	male	-1.7	218.41	0.85	1.09	0.79
832	832	0.8	1	1.56	0.667	0.8	0.3	0.71	female	-4.8	202.55	0.79	1.56	0.8
833	833	0.8	1	1.58	0.667	0.8	0.3	-2.24	female	-4.9	193.83	0.75	1.58	0.31
834	834	0.8	1	1.41	0.667	0.8	0.3	1.71	male	-3.9	152.79	0.59	1.41	0.1
835	835	0.8	1	1.26	0.667	0.8	0.3	-2.24	female	-2.9	222.14	0.86	1.26	0.43
836	836	0.8	1	1.56	0.667	0.8	0.3	0.67	male	-4.8	213.11	0.83	1.56	0.8
837	837	0.8	1	1.46	0.667	0.8	0.3	0.84	female	-4.2	191.72	0.74	1.46	0.13
838	838	0.8	1	1.58	0.667	0.8	0.3	-0.56	male	-4.9	184.96	0.72	1.58	0.8
839	839	0.8	1	1.2	0.667	0.8	0.3	1.16	male	-2.5	228.05	0.89	1.2	0.8
840	840	0.8	1	1.84	0.667	0.8	0.3	1.12	female	-6.2	155.08	0.6	1.84	0.49
841	841	0.8	1	1.41	0.667	0.8	0.3	-4.01	male	-3.9	220.47	0.86	1.41	0.41
842	842	0.8	1	1.43	0.667	0.8	0.3	-2.13	male	-4	209.18	0.81	1.43	0.54
843	843	0.8	1	1.32	0.667	0.8	0.3	0.08	male	-3.3	214.28	0.83	1.32	0.4
844	844	0.8	1	1.23	0.667	0.8	0.3	-0.83	male	-2.7	224.12	0.87	1.23	0.48
845	845	0.8	1	1.23	0.667	0.8	0.3	-1.3	ambiguous	-2.7	198.88	0.77	1.23	0.14
846	846	0.8	1	1.29	0.667	0.8	0.3	-2.19	male	-3.1	238.41	0.93	1.29	0.27
847	847	0.8	1	1.49	0.667	0.8	0.3	-1.08	male	-4.4	220.33	0.86	1.49	0.21
848	848	0.8	1	1.43	0.667	0.8	0.3	-0.19	male	-4	224.41	0.87	1.43	0.39
849	849	0.8	1	1.73	0.667	0.8	0.3	-0.69	female	-5.7	196.11	0.76	1.73	0.52
850	850	0.8	1	1.56	0.667	0.8	0.3	-0.18	female	-4.8	222	0.86	1.56	0.58
851	851	0.8	1	1.17	0.667	0.8	0.3	0.43	male	-2.3	228.64	0.89	1.17	0.79
852	852	0.8	1	1.27	0.667	0.8	0.3	0.39	male	-3	217.46	0.84	1.27	0.8
853	853	0.8	1	1.32	0.667	0.8	0.3	-1.49	female	-3.3	221.16	0.86	1.32	0.31
854	854	0.8	1	1.19	0.667	0.8	0.3	1.07	male	-2.4	191.72	0.74	1.19	0.1
855	855	0.8	1	1.46	0.667	0.8	0.3	-1.41	male	-4.2	218.41	0.85	1.46	0.43
856	856	0.8	1	1.12	0.667	0.8	0.3	-0.6	male	-1.9	212.08	0.82	1.12	0.8
857	857	0.8	1	1.19	0.667	0.8	0.3	1.96	male	-2.4	205.51	0.8	1.19	0.13
858	858	0.8	1	1.41	0.667	0.8	0.3	-0.67	male	-3.9	218.82	0.85	1.41	0.8
859	859	0.8	1	1.24	0.667	0.8	0.3	-2.47	male	-2.8	193.3	0.75	1.24	0.8
860	860	0.8	1	1.51	0.667	0.8	0.3	0.62	ambiguous	-4.5	175.54	0.68	1.51	0.49
861	861	0.8	1	1.16	0.667	0.8	0.3	1.6	male	-2.2	224.12	0.87	1.16	0.41
862	862	0.8	1	1.46	0.667	0.8	0.3	1.29	ambiguous	-4.2	174.49	0.68	1.46	0.54
863	863	0.8	1	1.02	0.667	0.8	0.3	-1.64	male	-1.1	250.48	0.97	1.02	0.4
864	864	0.8	1	1.51	0.667	0.8	0.3	-0.55	female	-4.5	194.8	0.76	1.51	0.48
865	865	0.8	1	1.36	0.667	0.8	0.3	-3.07	ambiguous	-3.6	234.13	0.91	1.36	0.14
866	866	0.8	1	1.49	0.667	0.8	0.3	-0.63	ambiguous	-4.4	183.8	0.71	1.49	0.27
867	867	0.8	1	1.46	0.667	0.8	0.3	1.72	male	-4.2	193.51	0.75	1.46	0.21
868	868	0.8	1	1.35	0.667	0.8	0.3	-2.66	male	-3.5	236.01	0.92	1.35	0.39
869	869	0.8	1	1.58	0.667	0.8	0.3	-1.61	female	-4.9	193.62	0.75	1.58	0.52
870	870	0.8	1	1.23	0.667	0.8	0.3	2.72	male	-2.7	185.25	0.72	1.23	0.58
871	871	0.8	1	1.68	0.667	0.8	0.3	-1.38	ambiguous	-5.4	221.02	0.86	1.68	0.79
872	872	0.8	1	1.43	0.667	0.8	0.3	-1.49	ambiguous	-4	174.06	0.68	1.43	0.8
873	873	0.8	1	1.62	0.667	0.8	0.3	-2.05	ambiguous	-5.1	217.06	0.84	1.62	0.31
874	874	0.8	1	1.51	0.667	0.8	0.3	-1.87	ambiguous	-4.5	193.83	0.75	1.51	0.1
875	875	0.8	1	1.56	0.667	0.8	0.3	0.97	female	-4.8	196.43	0.76	1.56	0.43
876	876	0.8	1	1.35	0.667	0.8	0.3	-0.99	male	-3.5	227.02	0.88	1.35	0.8
877	877	0.8	1	1.48	0.667	0.8	0.3	-2.71	female	-4.3	208.81	0.81	1.48	0.13
878	878	0.8	1	1.56	0.667	0.8	0.3	-0.16	male	-4.8	218	0.85	1.56	0.8
879	879	0.8	1	1.11	0.667	0.8	0.3	-0.93	male	-1.8	245.06	0.95	1.11	0.8
880	880	0.8	1	1.44	0.667	0.8	0.3	-0.8	female	-4.1	223.69	0.87	1.44	0.49
881	881	0.8	1	1.46	0.667	0.8	0.3	-1.14	ambiguous	-4.2	200.13	0.78	1.46	0.41
882	882	0.8	1	1.26	0.667	0.8	0.3	-1.51	male	-2.9	208.68	0.81	1.26	0.54
883	883	0.8	1	1.15	0.667	0.8	0.3	-0.38	male	-2.1	237.13	0.92	1.15	0.4
884	884	0.8	1	1.24	0.667	0.8	0.3	1.25	male	-2.8	207.21	0.8	1.24	0.48
885	885	0.8	1	1.32	0.667	0.8	0.3	-0.84	male	-3.3	235.54	0.91	1.32	0.14
886	886	0.8	1	1.51	0.667	0.8	0.3	1.29	female	-4.5	190.27	0.74	1.51	0.27
887	887	0.8	1	1.35	0.667	0.8	0.3	1.21	female	-3.5	211.83	0.82	1.35	0.21
888	888	0.8	1	1.33	0.667	0.8	0.3	0.33	male	-3.4	199.9	0.78	1.33	0.39
889	889	0.8	1	1.33	0.667	0.8	0.3	-0.17	male	-3.4	216.93	0.84	1.33	0.52
890	890	0.8	1	1.3	0.667	0.8	0.3	-2.47	male	-3.2	210.56	0.82	1.3	0.58
891	891	0.8	1	1.39	0.667	0.8	0.3	-0.48	male	-3.8	199.79	0.78	1.39	0.79
892	892	0.8	1	1.17	0.667	0.8	0.3	-1.43	male	-2.3	190.37	0.74	1.17	0.8
893	893	0.8	1	1.17	0.667	0.8	0.3	-0.48	male	-2.3	210.68	0.82	1.17	0.31
894	894	0.8	1	1.46	0.667	0.8	0.3	-1.65	female	-4.2	194.91	0.76	1.46	0.1
895	895	0.8	1	1.33	0.667	0.8	0.3	-0.47	male	-3.4	186.23	0.72	1.33	0.43
896	896	0.8	1	1.11	0.667	0.8	0.3	-1.11	male	-1.8	222.98	0.87	1.11	0.8
897	897	0.8	1	1.36	0.667	0.8	0.3	1.39	female	-3.6	183.41	0.71	1.36	0.13
898	898	0.8	1	1.19	0.667	0.8	0.3	1.72	male	-2.4	182.27	0.71	1.19	0.8
899	899	0.8	1	1.24	0.667	0.8	0.3	-1.31	male	-2.8	199.22	0.77	1.24	0.8
900	900	0.8	1	1.32	0.667	0.8	0.3	1.6	male	-3.3	193.73	0.75	1.32	0.49
901	901	0.8	1	1.48	0.667	0.8	0.3	-1.68	male	-4.3	212.73	0.83	1.48	0.41
902	902	0.8	1	1.39	0.667	0.8	0.3	-0.23	male	-3.8	202.67	0.79	1.39	0.54
903	903	0.8	1	1.38	0.667	0.8	0.3	-1.59	ambiguous	-3.7	224.69	0.87	1.38	0.4
narr	0	0.8	1	1	0.667	0.8	0.3	-1.59	ambiguous	1	206	1	1	1
