voice_id	measured_lufs	gain_db_to_target	volume_linear_to_target	eq	length_scale_base	pitch_semitones	dur_s	words	measured_wpm	median_f0_hz	f0_p10_hz	f0_p90_hz	voiced_ratio	sex_guess	sex_confidence	newSpeed	newVol
4	-17.7	-2.3	0.77	off	1.1	0	19.01	68	214.67	216.18	179.27	275.63	0.79	female	0.78	0.83	1.17
5	-16.3	-3.7	0.65	off	1.1	0	18.39	68	221.86	103.04	85.8	149.8	0.7	male	1	0.86	1.38
6	-16.3	-3.7	0.65	off	1.1	0	20.31	68	200.93	118.55	94.64	490	0.78	male	0.73	0.78	1.38
7	-15.3	-4.7	0.58	off	1.09	0	20.72	68	196.88	108.09	86.13	501.14	0.73	male	0.8	0.76	1.55
8	-16.1	-3.9	0.64	off	1.1	0	18.34	68	222.42	112.5	89.27	446.4	0.77	male	0.8	0.86	1.41
9	-15	-5	0.56	off	1.1	0	17.29	68	236.01	225	186.86	441	0.81	female	0.8	0.92	1.6
10	-16.7	-3.3	0.68	off	1.1	0	17.79	68	229.39	193.42	172.27	408.33	0.77	female	0.17	0.89	1.32
11	-16.2	-3.8	0.65	off	1.1	0	16.54	68	246.61	195.13	165.79	259.41	0.76	female	0.25	0.96	1.39
12	-15.3	-4.7	0.58	off	1.1	0	19.91	68	204.91	204.17	157.5	262.5	0.75	female	0.48	0.80	1.55
13	-14.1	-5.9	0.51	off	1.1	0	17.38	68	234.75	185.29	168.32	242.31	0.81	female	0.01	0.91	1.78
14	-15.2	-4.8	0.58	off	1.1	0	18.98	68	214.94	222.73	183.75	279.11	0.76	female	0.94	0.83	1.56
15	-14.2	-5.8	0.51	off	1.1	0	20.06	68	203.37	227.32	204.17	412.96	0.85	female	0.8	0.79	1.75
16	-15.7	-4.3	0.61	off	1.1	0	17.64	68	231.35	115.45	91.12	170.27	0.77	male	0.79	0.90	1.48
17	-16.6	-3.4	0.68	off	1.1	0	20.34	68	200.58	167.05	138.68	204.17	0.75	ambiguous	0.5	0.78	1.33
18	-16.3	-3.7	0.65	off	1.1	0	19.12	68	213.37	222.73	176.4	282.69	0.79	female	0.94	0.83	1.38
19	-16.7	-3.3	0.68	off	1.1	0	16.44	68	248.18	131.25	112.5	246.95	0.79	male	0.48	0.96	1.32
20	-15.9	-4.1	0.62	off	1.05	0	21.52	68	189.55	229.69	193.42	479.35	0.78	female	0.8	0.74	1.44
21	-19.5	-0.5	0.94	off	1.1	0	17.35	68	235.22	115.45	86.13	220.72	0.69	male	0.79	0.91	0.95
22	-18.2	-1.8	0.81	off	1.1	0	18.63	68	218.95	94.64	79.32	469.15	0.73	male	0.8	0.85	1.11
23	-14.4	-5.6	0.52	off	1.1	0	20	68	203.96	216.18	182.23	265.66	0.81	female	0.78	0.79	1.71
24	-15.7	-4.3	0.61	off	1.1	0	20.29	68	201.04	133.64	103.04	182.23	0.74	male	0.53	0.78	1.48
25	-17.4	-2.6	0.74	off	1.1	0	17.64	68	231.35	176.4	153.13	479.35	0.73	ambiguous	0.4	0.90	1.21
26	-15.1	-4.9	0.57	off	1.1	0	20.56	68	198.43	158.63	123.88	344.53	0.73	ambiguous	0.4	0.77	1.58
27	-17.2	-2.8	0.72	off	1.1	0	18.27	68	223.27	108.09	82.28	479.35	0.8	male	0.8	0.87	1.24
28	-16.6	-3.4	0.68	off	1.1	0	17.8	68	229.24	147.99	119.19	206.07	0.75	male	0.18	0.89	1.33
29	-13.9	-6.1	0.5	off	1.1	0	18.97	68	215.07	245	193.42	290.13	0.78	female	1	0.84	1.82
30	-15.9	-4.1	0.62	off	1.1	0	18.46	68	221.02	212.02	182.23	259.41	0.76	female	0.68	0.86	1.44
31	-17.7	-2.3	0.77	off	1.1	0	17.23	68	236.81	95.87	82.58	490	0.74	male	0.8	0.92	1.17
32	-17.5	-2.5	0.75	off	1.1	0	18.25	68	223.55	130.47	110.69	459.38	0.76	male	0.49	0.87	1.2
33	-17.2	-2.8	0.72	off	1.08	0	21.07	68	193.62	179.27	147.69	490	0.77	ambiguous	0.4	0.75	1.24
34	-17	-3	0.71	off	1.1	0	19.66	68	207.57	114.25	90	162.13	0.71	male	0.8	0.81	1.27
35	-15.7	-4.3	0.61	off	1.1	0	16.42	68	248.53	141.35	110.25	219.65	0.75	male	0.27	0.97	1.48
36	-18.1	-1.9	0.8	off	1.1	0	16.74	68	243.7	94.23	83.46	512.79	0.69	male	0.8	0.95	1.12
37	-15.2	-4.8	0.58	off	1.1	0	18.92	68	215.6	177.82	154.2	379.53	0.76	ambiguous	0.4	0.84	1.56
38	-16.4	-3.6	0.66	off	1.1	0	17.25	68	236.49	193.42	170.93	247.75	0.73	female	0.21	0.92	1.36
39	-15.3	-4.7	0.58	off	1.1	0	18.08	68	225.7	179.27	156.38	408.33	0.76	ambiguous	0.4	0.88	1.55
40	-15.8	-4.2	0.62	off	1.09	0	20.81	68	196.11	205.12	165.79	275.63	0.8	female	0.5	0.76	1.46
41	-16.3	-3.7	0.65	off	1.1	0	18.41	68	221.58	167.05	129.71	208.02	0.75	ambiguous	0.5	0.86	1.38
42	-17	-3	0.71	off	1.1	0	18.69	68	218.27	128.95	105	440.14	0.66	male	0.52	0.85	1.27
43	-17.9	-2.1	0.79	off	1.1	0	18.41	68	221.58	98.44	83.21	265.66	0.7	male	0.8	0.86	1.15
44	-15.5	-4.5	0.6	off	1.07	0	21.1	68	193.41	125.28	92.26	390.99	0.8	male	0.59	0.75	1.51
45	-17.7	-2.3	0.77	off	1.1	0	20.33	68	200.7	183.75	148.99	250.57	0.73	ambiguous	0.5	0.78	1.17
46	-14	-6	0.5	off	1.1	0	20.05	68	203.49	198.65	166.04	256.4	0.82	female	0.34	0.79	1.8
47	-16.7	-3.3	0.68	off	1.1	0	19.08	68	213.89	198.65	167.81	408.33	0.75	female	0.27	0.83	1.32
48	-16.1	-3.9	0.64	off	1.1	0	20.03	68	203.72	109.16	85.14	433.22	0.77	male	0.8	0.79	1.41
49	-16.5	-3.5	0.67	off	1	0	22.7	68	179.76	127.46	91.88	488.93	0.7	male	0.55	0.70	1.35
50	-16.7	-3.3	0.68	off	1.1	0	18.72	68	218	97.14	81.46	501.14	0.73	male	0.8	0.85	1.32
51	-17.1	-2.9	0.72	off	1.1	0	18.45	68	221.16	113.08	89.45	512.79	0.79	male	0.8	0.86	1.26
52	-18.8	-1.2	0.87	off	1.1	0	18.36	68	222.28	108.62	95.45	427.36	0.7	male	0.8	0.86	1.03
53	-16.4	-3.6	0.66	off	1.1	0	18.69	68	218.27	126.72	99.32	175	0.77	male	0.71	0.85	1.36
54	-15.2	-4.8	0.58	off	1.1	0	19.12	68	213.37	256.4	212.02	384.84	0.75	female	0.8	0.83	1.56
55	-15.5	-4.5	0.6	off	1.1	0	19.09	68	213.76	123.88	102.56	408.33	0.78	male	0.62	0.83	1.51
56	-17.4	-2.6	0.74	off	1	0	24.24	68	168.31	176.4	151.03	227.32	0.76	ambiguous	0.5	0.65	1.21
57	-15.9	-4.1	0.62	off	1.1	0	18.03	68	226.29	234.57	191.74	282.69	0.78	female	1	0.88	1.44
58	-14.9	-5.1	0.56	off	1.1	0	19.2	68	212.47	128.2	109.7	393.75	0.82	male	0.54	0.83	1.62
59	-16.3	-3.7	0.65	off	1.06	0	21.39	68	190.78	196.88	150	265.66	0.77	female	0.3	0.74	1.38
60	-14.1	-5.9	0.51	off	1.04	0	21.76	68	187.53	256.4	210	416.04	0.81	female	0.8	0.73	1.78
61	-14.9	-5.1	0.56	off	1.1	0	18.38	68	222	222.73	180.74	286.36	0.75	female	0.94	0.86	1.62
62	-16.7	-3.3	0.68	off	1.1	0	18.76	68	217.46	196.88	167.05	324.26	0.76	female	0.24	0.84	1.32
63	-16.7	-3.3	0.68	off	1.1	0	17.81	68	229.09	185.29	160.95	256.4	0.79	female	0.01	0.89	1.32
64	-15.1	-4.9	0.57	off	1.04	0	21.75	68	187.63	180.74	153.13	242.31	0.74	ambiguous	0.5	0.73	1.58
65	-16.4	-3.6	0.66	off	1.1	0	20.25	68	201.5	208.02	179.27	272.22	0.79	female	0.58	0.78	1.36
66	-15.5	-4.5	0.6	off	1	0	22.87	68	178.39	204.17	163.33	275.63	0.74	female	0.48	0.69	1.51
67	-16.3	-3.7	0.65	off	1.1	0	19.56	68	208.56	147.99	102.08	210	0.72	male	0.14	0.81	1.38
68	-15.9	-4.1	0.62	off	1.05	0	21.58	68	189.04	222.73	183.75	279.11	0.8	female	0.94	0.73	1.44
69	-15.5	-4.5	0.6	off	1.07	0	21.2	68	192.45	210	179.27	354.53	0.77	female	0.5	0.75	1.51
70	-18.5	-1.5	0.84	off	1	0	24.58	68	166	124.58	99.77	469.15	0.69	male	0.61	0.64	1.07
71	-15.4	-4.6	0.59	off	1.1	0	18.51	68	220.47	132.04	110.8	177.82	0.77	male	0.57	0.86	1.53
72	-15.8	-4.2	0.62	off	1.1	0	19.03	68	214.41	126	102.08	455.62	0.8	male	0.58	0.83	1.46
73	-15.5	-4.5	0.6	off	1.1	0	20.31	68	200.93	227.32	193.42	275.63	0.78	female	1	0.78	1.51
74	-16.2	-3.8	0.65	off	1.06	0	21.4	68	190.68	208.02	169.62	441	0.8	female	0.46	0.74	1.39
75	-15.5	-4.5	0.6	off	1.1	0	19.88	68	205.27	188.46	160.48	250.57	0.74	female	0.09	0.80	1.51
76	-14.9	-5.1	0.56	off	1.04	0	21.7	68	188.03	214.08	175	279.11	0.75	female	0.73	0.73	1.62
77	-16.6	-3.4	0.68	off	1.1	0	19.9	68	205.03	193.42	157.5	262.5	0.74	female	0.21	0.80	1.33
78	-17.2	-2.8	0.72	off	1.1	0	17.31	68	235.7	142.26	113.66	200.64	0.73	male	0.32	0.92	1.24
79	-15.2	-4.8	0.58	off	1.1	0	19.33	68	211.06	193.42	165.79	355.65	0.79	female	0.17	0.82	1.56
80	-16.5	-3.5	0.67	off	1.1	0	18.63	68	218.95	177.82	142.17	247.75	0.75	ambiguous	0.5	0.85	1.35
81	-16.3	-3.7	0.65	off	1.1	0	19.59	68	208.31	132.04	108.67	306.25	0.77	male	0.46	0.81	1.38
82	-16.3	-3.7	0.65	off	1	0	23.34	68	174.84	162.13	111.08	380.17	0.82	ambiguous	0.4	0.68	1.38
83	-16.6	-3.4	0.68	off	1.1	0	16.65	68	245.06	208.02	177.82	259.41	0.81	female	0.58	0.95	1.33
84	-16.6	-3.4	0.68	off	1.1	0	18.36	68	222.28	162.13	117.91	373.73	0.81	ambiguous	0.4	0.86	1.33
85	-15.9	-4.1	0.62	off	1.03	0	22	68	185.45	218.32	170.93	279.11	0.79	female	0.83	0.72	1.44
86	-16.5	-3.5	0.67	off	1.1	0	18.85	68	216.39	113.08	88.55	492.23	0.73	male	0.8	0.84	1.35
87	-15.7	-4.3	0.61	off	1.1	0	17.23	68	236.81	176.4	153.13	229.69	0.79	ambiguous	0.5	0.92	1.48
88	-15.3	-4.7	0.58	off	1.1	0	18.22	68	223.98	152.07	110.25	218.82	0.78	male	0.06	0.87	1.55
89	-16	-4	0.63	off	1.1	0	20.68	68	197.32	134.45	99.77	302.05	0.75	male	0.41	0.77	1.43
90	-17.7	-2.3	0.77	off	1.1	0	19.96	68	204.43	105.5	86.47	501.14	0.72	male	0.8	0.79	1.17
91	-15.3	-4.7	0.58	off	1	0	22.84	68	178.66	225	190.09	272.22	0.77	female	1	0.69	1.55
92	-18.4	-1.6	0.83	off	1.1	0	17.09	68	238.74	128.95	105	408.33	0.75	male	0.52	0.93	1.08
93	-15.8	-4.2	0.62	off	1.1	0	19.11	68	213.5	206.07	176.4	302.47	0.83	female	0.53	0.83	1.46
94	-17	-3	0.71	off	1.05	0	21.51	68	189.65	225	175	306.25	0.73	female	1	0.74	1.27
95	-14.8	-5.2	0.55	off	1.1	0	19.82	68	205.87	214.08	182.23	315	0.8	female	0.73	0.80	1.64
96	-15.6	-4.4	0.6	off	1.1	0	20.18	68	202.2	180.74	156.38	247.75	0.76	ambiguous	0.5	0.79	1.49
97	-17.9	-2.1	0.79	off	1.1	0	18.12	68	225.13	109.16	86.13	469.15	0.76	male	0.8	0.87	1.15
98	-16	-4	0.63	off	1.1	0	20.57	68	198.32	177.82	151.03	385.6	0.74	ambiguous	0.4	0.77	1.43
99	-16.4	-3.6	0.66	off	1.08	0	20.97	68	194.59	193.42	167.05	250.57	0.75	female	0.21	0.76	1.36
100	-16.1	-3.9	0.64	off	1.1	0	18.68	68	218.41	237.1	200.45	479.35	0.83	female	0.8	0.85	1.41
101	-14.7	-5.3	0.54	off	1.1	0	18.95	68	215.33	218.32	185.29	344.53	0.76	female	0.67	0.84	1.66
102	-16.5	-3.5	0.67	off	1.1	0	18.02	68	226.43	140.45	107.04	400.19	0.78	male	0.29	0.88	1.35
103	-14.9	-5.1	0.56	off	1.06	0	21.39	68	190.78	212.02	175	479.35	0.78	female	0.54	0.74	1.62
104	-17.3	-2.7	0.73	off	1.1	0	18.47	68	220.88	118.55	89.63	459.38	0.75	male	0.73	0.86	1.23
105	-16.9	-3.1	0.7	off	1.1	0	17.77	68	229.54	109.16	86.13	419.3	0.69	male	0.8	0.89	1.29
106	-15.7	-4.3	0.61	off	1.05	0	21.56	68	189.24	131.25	111.93	512.79	0.81	male	0.48	0.73	1.48
107	-15.3	-4.7	0.58	off	1.1	0	19.14	68	213.11	217.25	170.93	286.36	0.76	female	0.81	0.83	1.55
108	-13.1	-6.9	0.45	off	1.1	0	20.38	68	200.24	214.08	180.74	286.36	0.83	female	0.73	0.78	1.99
109	-15.2	-4.8	0.58	off	1.1	0	19.05	68	214.15	198.65	159.78	256.4	0.74	female	0.34	0.83	1.56
110	-15.9	-4.1	0.62	off	1.1	0	18.31	68	222.84	132.04	104.5	299.2	0.78	male	0.46	0.87	1.44
111	-16.4	-3.6	0.66	off	1.1	0	18.63	68	218.95	168.32	139.29	216.18	0.76	ambiguous	0.5	0.85	1.36
112	-15.3	-4.7	0.58	off	1.1	0	19.92	68	204.79	185.29	154.2	259.41	0.77	female	0.01	0.80	1.55
113	-18.6	-1.4	0.85	off	1.1	0	18.46	68	221.02	101.61	84.81	501.14	0.72	male	0.8	0.86	1.06
114	-14.5	-5.5	0.53	off	1.1	0	16.76	68	243.37	135.69	102.56	250.3	0.77	male	0.39	0.95	1.7
115	-14.7	-5.3	0.54	off	1.1	0	19.68	68	207.33	227.32	193.42	272.22	0.79	female	1	0.81	1.66
116	-18.1	-1.9	0.8	off	1.02	0	22.24	68	183.41	116.67	86.81	265.12	0.73	male	0.77	0.71	1.12
117	-18.5	-1.5	0.84	off	1.1	0	18.24	68	223.69	114.84	87.85	373.73	0.74	male	0.8	0.87	1.07
118	-17.1	-2.9	0.72	off	1.1	0	19.93	68	204.67	195.13	154.2	269.57	0.75	female	0.25	0.79	1.26
119	-16.3	-3.7	0.65	off	1.1	0	19.37	68	210.68	164.55	127.46	200.45	0.74	ambiguous	0.5	0.82	1.38
120	-14.5	-5.5	0.53	off	1.1	0	18.98	68	214.94	186.86	169.62	469.15	0.8	female	0.04	0.83	1.7
121	-16.7	-3.3	0.68	off	1.1	0	17.75	68	229.84	124.58	98.44	344.53	0.73	male	0.61	0.89	1.32
122	-13.7	-6.3	0.48	off	1.03	0	21.92	68	186.13	216.18	176.4	469.15	0.79	female	0.62	0.72	1.86
123	-15.9	-4.1	0.62	off	1.05	0	21.51	68	189.65	114.25	89.13	171.46	0.74	male	0.8	0.74	1.44
124	-16.4	-3.6	0.66	off	1.1	0	16.7	68	244.38	114.84	92.26	450	0.76	male	0.8	0.95	1.36
125	-16.2	-3.8	0.65	off	1.06	0	21.35	68	191.09	195.13	167.05	490	0.75	female	0.2	0.74	1.39
126	-16.6	-3.4	0.68	off	1.1	0	17.83	68	228.79	170.93	144.12	319.57	0.79	ambiguous	0.4	0.89	1.33
127	-15.6	-4.4	0.6	off	1.1	0	18.91	68	215.73	200.45	177.82	253.45	0.75	female	0.39	0.84	1.49
128	-15.8	-4.2	0.62	off	1.1	0	18.92	68	215.6	208.02	177.82	259.41	0.8	female	0.58	0.84	1.46
129	-16.1	-3.9	0.64	off	1.1	0	18.62	68	219.09	185.29	158.63	427.43	0.8	female	0.01	0.85	1.41
130	-16.7	-3.3	0.68	off	1.1	0	17.3	68	235.85	176.4	156.38	403.14	0.78	ambiguous	0.4	0.92	1.32
131	-15.2	-4.8	0.58	off	1.1	0	20.6	68	198.1	196.88	169.62	307.12	0.79	female	0.24	0.77	1.56
132	-16	-4	0.63	off	1.1	0	18.66	68	218.68	92.26	81.07	512.79	0.74	male	0.8	0.85	1.43
133	-14.9	-5.1	0.56	off	1.02	0	22.14	68	184.28	195.13	173.62	239.67	0.74	female	0.25	0.72	1.62
134	-16.3	-3.7	0.65	off	1.1	0	20.5	68	198.99	128.95	106.52	441	0.74	male	0.52	0.77	1.38
135	-16.7	-3.3	0.68	off	1.1	0	17.51	68	233.04	103.52	86.13	408.33	0.74	male	0.8	0.91	1.32
136	-16.6	-3.4	0.68	off	1.1	0	20.53	68	198.77	109.16	84.16	408.33	0.79	male	0.8	0.77	1.33
137	-17.5	-2.5	0.75	off	1.1	0	17.66	68	231.05	88.91	79.6	477.31	0.69	male	0.8	0.90	1.2
138	-16	-4	0.63	off	1.1	0	19.04	68	214.28	218.32	183.75	490	0.81	female	0.67	0.83	1.43
139	-16	-4	0.63	off	1.1	0	18.69	68	218.27	114.25	93.43	490	0.85	male	0.8	0.85	1.43
140	-15.2	-4.8	0.58	off	1.05	0	21.5	68	189.75	227.32	182.23	331.6	0.77	female	0.8	0.74	1.56
141	-15.6	-4.4	0.6	off	1.1	0	19.55	68	208.68	220.5	180.74	272.22	0.78	female	0.89	0.81	1.49
142	-16.3	-3.7	0.65	off	1.1	0	18.16	68	224.69	202.29	173.62	450	0.75	female	0.35	0.87	1.38
143	-15	-5	0.56	off	1	0	25.02	68	163.07	179.27	153.13	237.1	0.76	ambiguous	0.5	0.63	1.6
144	-15.9	-4.1	0.62	off	1.1	0	19.12	68	213.37	196.88	157.5	265.66	0.78	female	0.3	0.83	1.44
145	-16.1	-3.9	0.64	off	1	0	23.1	68	176.59	129.71	103.52	188.79	0.77	male	0.51	0.69	1.41
146	-16.8	-3.2	0.69	off	1.1	0	15.91	68	256.51	126.72	104.85	164.55	0.81	male	0.71	1.00	1.3
147	-15.9	-4.1	0.62	off	1.1	0	20.25	68	201.5	216.18	179.27	272.22	0.73	female	0.78	0.78	1.44
148	-15.4	-4.6	0.59	off	1.1	0	18.7	68	218.14	234.57	195.13	279.11	0.79	female	1	0.85	1.53
149	-15.5	-4.5	0.6	off	1.1	0	19.38	68	210.56	210	182.23	265.66	0.75	female	0.63	0.82	1.51
150	-16.5	-3.5	0.67	off	1.09	0	20.87	68	195.45	242.31	183.75	373.73	0.77	female	0.8	0.76	1.35
151	-18.8	-1.2	0.87	off	1.1	0	19.96	68	204.43	133.64	111.93	512.79	0.8	male	0.43	0.79	1.03
152	-15.2	-4.8	0.58	off	1.09	0	20.72	68	196.88	142.26	112.5	501.14	0.82	male	0.25	0.76	1.56
153	-15.1	-4.9	0.57	off	1.1	0	19.11	68	213.5	188.46	163.33	268.9	0.78	female	0.09	0.83	1.58
154	-15.5	-4.5	0.6	off	1.1	0	20.42	68	199.79	191.74	169.62	262.19	0.79	female	0.17	0.78	1.51
155	-15.6	-4.4	0.6	off	1.1	0	19.77	68	206.35	150	123.88	183.75	0.81	male	0.13	0.80	1.49
156	-18.2	-1.8	0.81	off	1.1	0	19.39	68	210.43	112.5	91.12	501.14	0.76	male	0.8	0.82	1.11
157	-14.5	-5.5	0.53	off	1.07	0	21.12	68	193.2	198.65	175	437.54	0.79	female	0.27	0.75	1.7
158	-16.6	-3.4	0.68	off	1.1	0	18.75	68	217.6	162.13	123.88	432.35	0.8	ambiguous	0.4	0.85	1.33
159	-17.2	-2.8	0.72	off	1.1	0	17.76	68	229.69	109.16	87.15	501.14	0.8	male	0.8	0.89	1.24
160	-16.9	-3.1	0.7	off	1.09	0	20.72	68	196.88	179.27	153.13	325.23	0.72	ambiguous	0.4	0.76	1.29
161	-15.7	-4.3	0.61	off	1	0	22.94	68	177.85	210	170.93	272.22	0.76	female	0.63	0.69	1.48
162	-16.2	-3.8	0.65	off	1.1	0	20.36	68	200.35	232.11	196.88	450	0.78	female	0.8	0.78	1.39
163	-15.5	-4.5	0.6	off	1.08	0	21.06	68	193.73	139.56	107.04	270.89	0.73	male	0.31	0.75	1.51
164	-15.5	-4.5	0.6	off	1	0	22.66	68	180.03	204.17	176.4	253.45	0.75	female	0.48	0.70	1.51
165	-15	-5	0.56	off	1.1	0	20.09	68	203.13	179.27	157.5	299.2	0.79	ambiguous	0.4	0.79	1.6
166	-15.6	-4.4	0.6	off	1.1	0	18.37	68	222.14	234.57	196.88	294	0.83	female	1	0.86	1.49
167	-15.3	-4.7	0.58	off	1.1	0	18.62	68	219.09	222.73	186.86	279.11	0.77	female	0.94	0.85	1.55
168	-17.9	-2.1	0.79	off	1.1	0	20.26	68	201.39	109.7	86.13	492.23	0.71	male	0.8	0.78	1.15
169	-15.9	-4.1	0.62	off	1.1	0	16.8	68	242.86	183.75	157.5	250.57	0.77	ambiguous	0.5	0.94	1.44
170	-17.3	-2.7	0.73	off	1	0	23.8	68	171.43	200.45	173.62	247.75	0.77	female	0.39	0.67	1.23
171	-15.2	-4.8	0.58	off	1.1	0	17.89	68	228.05	214.08	175.28	262.5	0.78	female	0.73	0.89	1.56
172	-16.3	-3.7	0.65	off	1.1	0	18.81	68	216.93	218.32	177.82	275.63	0.77	female	0.83	0.84	1.38
173	-16.9	-3.1	0.7	off	1.1	0	17.21	68	237.13	130.47	106.37	182.23	0.73	male	0.61	0.92	1.29
174	-16.1	-3.9	0.64	off	1.1	0	17.66	68	231.05	106.52	84.35	158.63	0.69	male	0.8	0.90	1.41
175	-15.9	-4.1	0.62	off	1.08	0	20.96	68	194.69	160.95	123.18	208.02	0.8	ambiguous	0.5	0.76	1.44
176	-16	-4	0.63	off	1.1	0	17.93	68	227.6	139.56	112.5	441	0.73	male	0.31	0.88	1.43
177	-14.4	-5.6	0.52	off	1.1	0	18.91	68	215.73	229.69	188.46	315.91	0.77	female	1	0.84	1.71
178	-15	-5	0.56	off	1	0	22.58	68	180.68	183.75	154.2	247.75	0.74	ambiguous	0.5	0.70	1.6
179	-15.1	-4.9	0.57	off	1	0	22.67	68	179.94	186.86	150	265.66	0.78	female	0.05	0.70	1.58
180	-16.4	-3.6	0.66	off	1.1	0	19.11	68	213.5	218.32	183.75	272.22	0.76	female	0.83	0.83	1.36
181	-16	-4	0.63	off	1.1	0	20.64	68	197.65	108.62	86.13	379.1	0.72	male	0.8	0.77	1.43
182	-16.2	-3.8	0.65	off	1.1	0	18.77	68	217.33	93.83	80.47	525	0.67	male	0.8	0.84	1.39
183	-16.5	-3.5	0.67	off	1.1	0	20.18	68	202.2	128.57	102.08	358.56	0.79	male	0.53	0.79	1.35
184	-16.9	-3.1	0.7	off	1	0	24.36	68	167.5	175	143.18	222.73	0.74	ambiguous	0.5	0.65	1.29
185	-18.3	-1.7	0.82	off	1.1	0	20.14	68	202.55	175	152.07	220.06	0.7	ambiguous	0.5	0.79	1.09
186	-18	-2	0.79	off	1	0	23.68	68	172.27	92.26	80.47	501.14	0.73	male	0.8	0.67	1.13
187	-18.3	-1.7	0.82	off	1.1	0	19.08	68	213.89	107.04	89.63	408.33	0.74	male	0.8	0.83	1.09
188	-17.3	-2.7	0.73	off	1.02	0	22.21	68	183.7	180.74	146.03	450	0.73	ambiguous	0.4	0.71	1.23
189	-15.4	-4.6	0.59	off	1.1	0	18.01	68	226.58	128.2	93.83	186.56	0.73	male	0.54	0.88	1.53
190	-17.1	-2.9	0.72	off	1.1	0	18.8	68	217.06	130.47	105	172.27	0.75	male	0.61	0.84	1.26
191	-17.4	-2.6	0.74	off	1.1	0	16.15	68	252.64	127.46	114.61	167.56	0.78	male	0.69	0.98	1.21
192	-15.9	-4.1	0.62	off	1.1	0	18.96	68	215.2	204.17	170.93	294	0.77	female	0.48	0.84	1.44
193	-17.6	-2.4	0.76	off	1.1	0	19.46	68	209.68	198.65	155.28	313.67	0.75	female	0.27	0.81	1.19
194	-13.6	-6.4	0.48	off	1.1	0	20.41	68	199.9	179.27	143.18	355.65	0.78	ambiguous	0.4	0.78	1.88
195	-15	-5	0.56	off	1.1	0	17.81	68	229.09	214.08	170.93	408.33	0.8	female	0.58	0.89	1.6
196	-15.9	-4.1	0.62	off	1.1	0	20.31	68	200.93	182.23	164.55	239.16	0.79	ambiguous	0.5	0.78	1.44
197	-15.8	-4.2	0.62	off	1.1	0	18.03	68	226.29	176.4	150	479.35	0.74	ambiguous	0.4	0.88	1.46
198	-16.9	-3.1	0.7	off	1.1	0	18.94	68	215.46	119.19	97.57	432.35	0.7	male	0.72	0.84	1.29
199	-19.2	-0.8	0.91	off	1.1	0	16.24	68	251.2	127.46	104.5	441	0.75	male	0.55	0.98	0.99
200	-17.2	-2.8	0.72	off	1.1	0	17.61	68	231.66	121.82	105.5	459.38	0.75	male	0.66	0.90	1.24
201	-16.2	-3.8	0.65	off	1.1	0	18.16	68	224.69	131.25	104.5	404.62	0.73	male	0.48	0.87	1.39
202	-16.4	-3.6	0.66	off	1	0	24.51	68	166.47	186.86	154.09	386.84	0.73	female	0.04	0.65	1.36
203	-17	-3	0.71	off	1.1	0	19.16	68	212.98	128.2	97.57	432.35	0.72	male	0.54	0.83	1.27
204	-16	-4	0.63	off	1.1	0	18.98	68	214.94	122.5	90.74	400.91	0.78	male	0.65	0.83	1.43
205	-15.2	-4.8	0.58	off	1.09	0	20.79	68	196.22	200.45	167.05	279.11	0.78	female	0.39	0.76	1.56
206	-16.5	-3.5	0.67	off	1.1	0	18.85	68	216.39	186.86	163.33	366.9	0.8	female	0.04	0.84	1.35
207	-15	-5	0.56	off	1.1	0	19.91	68	204.91	232.11	193.42	282.69	0.77	female	1	0.80	1.6
208	-16.6	-3.4	0.68	off	1.03	0	22.04	68	185.15	160.95	118.55	461.33	0.73	ambiguous	0.4	0.72	1.33
209	-15.9	-4.1	0.62	off	1	0	22.94	68	177.85	128.2	107.56	253.45	0.73	male	0.54	0.69	1.44
210	-15.3	-4.7	0.58	off	1.1	0	19.21	68	212.34	206.07	175	259.41	0.78	female	0.53	0.82	1.55
211	-15.6	-4.4	0.6	off	1.1	0	19.93	68	204.67	212.02	175	272.22	0.8	female	0.68	0.79	1.49
212	-16.8	-3.2	0.69	off	1.1	0	20.03	68	203.72	122.5	99.77	177.82	0.71	male	0.81	0.79	1.3
213	-15.7	-4.3	0.61	off	1.1	0	18.13	68	224.98	179.27	148.99	373.73	0.78	ambiguous	0.4	0.87	1.48
214	-16.2	-3.8	0.65	off	1.1	0	20.61	68	197.98	186.86	156.38	250.29	0.78	female	0.05	0.77	1.39
215	-16	-4	0.63	off	1.1	0	20.04	68	203.6	188.46	162.13	250.57	0.74	female	0.09	0.79	1.43
216	-17.1	-2.9	0.72	off	1.1	0	18.94	68	215.46	128.2	97.57	279.11	0.76	male	0.54	0.84	1.26
217	-18.7	-1.3	0.86	off	1.1	0	16.97	68	240.37	100.46	84.48	162.75	0.71	male	0.8	0.93	1.05
218	-16.9	-3.1	0.7	off	1.05	0	21.51	68	189.65	180.74	147.69	265.66	0.75	ambiguous	0.5	0.74	1.29
219	-17.5	-2.5	0.75	off	1.1	0	18.02	68	226.43	114.25	93.83	512.79	0.74	male	0.8	0.88	1.2
220	-13.8	-6.2	0.49	off	1.1	0	19.74	68	206.72	193.42	173.62	229.69	0.77	female	0.21	0.80	1.84
221	-16.5	-3.5	0.67	off	1.1	0	20.06	68	203.37	144.12	100.68	198.65	0.73	male	0.22	0.79	1.35
222	-17	-3	0.71	off	1.06	0	21.46	68	190.16	119.19	102.08	154.52	0.76	male	0.9	0.74	1.27
223	-16	-4	0.63	off	1.1	0	20.53	68	198.77	129.71	101.61	344.53	0.73	male	0.51	0.77	1.43
224	-15.1	-4.9	0.57	off	1	0	24.26	68	168.14	185.29	150	290.13	0.78	female	0.01	0.65	1.58
225	-16.8	-3.2	0.69	off	1.1	0	18.95	68	215.33	121.15	96.71	424.04	0.75	male	0.68	0.84	1.3
226	-14.6	-5.4	0.54	off	1.1	0	19.67	68	207.45	196.88	169.62	253.45	0.78	female	0.3	0.81	1.68
227	-16	-4	0.63	off	1.1	0	18.98	68	214.94	104.01	86.13	484.67	0.73	male	0.8	0.83	1.43
228	-14.4	-5.6	0.52	off	1.08	0	20.99	68	194.37	212.02	172.27	272.22	0.79	female	0.68	0.75	1.71
229	-15.2	-4.8	0.58	off	1.1	0	19.77	68	206.35	204.17	169.62	275.63	0.78	female	0.48	0.80	1.56
230	-14.4	-5.6	0.52	off	1.1	0	16.61	68	245.58	152.07	124.58	191.74	0.84	male	0.07	0.95	1.71
231	-18.7	-1.3	0.86	off	1.1	0	18.03	68	226.29	117.91	94.64	450	0.75	male	0.74	0.88	1.05
232	-18.5	-1.5	0.84	off	1.02	0	22.26	68	183.32	113.08	87.15	157.5	0.75	male	0.8	0.71	1.07
233	-17.1	-2.9	0.72	off	1	0	22.65	68	180.12	115.45	95.04	450	0.8	male	0.79	0.70	1.26
234	-14.9	-5.1	0.56	off	1.1	0	20.4	68	200.01	202.29	175	250.57	0.76	female	0.43	0.78	1.62
235	-15.1	-4.9	0.57	off	1	0	23.14	68	176.33	176.4	137.81	279.11	0.76	ambiguous	0.4	0.68	1.58
236	-17.7	-2.3	0.77	off	1.1	0	19.81	68	205.99	172.27	146.03	229.69	0.74	ambiguous	0.5	0.80	1.17
237	-18.3	-1.7	0.82	off	1.1	0	19.97	68	204.32	177.82	155.28	343.47	0.74	ambiguous	0.4	0.79	1.09
238	-16.9	-3.1	0.7	off	1.01	0	22.55	68	180.96	210	175	390.99	0.7	female	0.5	0.70	1.29
239	-15.3	-4.7	0.58	off	1.07	0	21.14	68	192.98	177.82	150	247.75	0.78	ambiguous	0.5	0.75	1.55
240	-15.7	-4.3	0.61	off	1.08	0	20.91	68	195.13	172.27	135.36	234.57	0.79	ambiguous	0.5	0.76	1.48
241	-16.2	-3.8	0.65	off	1.1	0	18.8	68	217.06	198.65	170.93	262.5	0.78	female	0.34	0.84	1.39
242	-15.7	-4.3	0.61	off	1.08	0	20.98	68	194.48	179.27	155.28	459.38	0.8	ambiguous	0.4	0.76	1.48
243	-16.5	-3.5	0.67	off	1.1	0	20.13	68	202.67	132.04	105	501.14	0.84	male	0.46	0.79	1.35
244	-14.6	-5.4	0.54	off	1.1	0	18.74	68	217.73	169.62	148.99	355.65	0.8	ambiguous	0.4	0.85	1.68
245	-17	-3	0.71	off	1.1	0	19.08	68	213.89	153.13	118.55	188.46	0.72	male	0.05	0.83	1.27
246	-18.1	-1.9	0.8	off	1.1	0	19.85	68	205.51	110.25	89.63	365.69	0.71	male	0.8	0.80	1.12
247	-15	-5	0.56	off	1.08	0	20.9	68	195.23	198.65	170.93	380.29	0.78	female	0.27	0.76	1.6
248	-17.9	-2.1	0.79	off	1.04	0	21.73	68	187.73	99.32	85.47	432.35	0.68	male	0.8	0.73	1.15
249	-16	-4	0.63	off	1.1	0	20.32	68	200.81	177.82	153.13	327.2	0.74	ambiguous	0.4	0.78	1.43
250	-14.1	-5.9	0.51	off	1.01	0	22.41	68	182.08	232.11	200.45	310.56	0.8	female	1	0.71	1.78
251	-15	-5	0.56	off	1.1	0	20.49	68	199.11	202.29	164.55	302.05	0.78	female	0.35	0.77	1.6
252	-16.1	-3.9	0.64	off	1.09	0	20.85	68	195.67	195.13	162.13	256.4	0.76	female	0.25	0.76	1.41
253	-15.9	-4.1	0.62	off	1.07	0	21.28	68	191.72	127.46	95.04	193.42	0.78	male	0.55	0.74	1.44
254	-16.1	-3.9	0.64	off	1.1	0	18.15	68	224.84	132.83	100.27	441	0.77	male	0.44	0.87	1.41
255	-17.1	-2.9	0.72	off	1.1	0	18.39	68	221.86	185.29	158.63	272.22	0.78	female	0.01	0.86	1.26
256	-18.2	-1.8	0.81	off	1.1	0	19.27	68	211.7	121.15	97.96	167.05	0.67	male	0.85	0.82	1.11
257	-16.6	-3.4	0.68	off	1.1	0	20.39	68	200.13	125.64	94.23	344.53	0.7	male	0.59	0.78	1.33
258	-17.4	-2.6	0.74	off	1	0	23.7	68	172.18	185.29	155.28	310.56	0.72	female	0.01	0.67	1.21
259	-18.2	-1.8	0.81	off	1.1	0	17.82	68	228.94	116.67	95.45	459.38	0.78	male	0.77	0.89	1.11
260	-16.2	-3.8	0.65	off	1.1	0	17.82	68	228.94	168.32	132.83	416.04	0.76	ambiguous	0.4	0.89	1.39
261	-15.6	-4.4	0.6	off	1.1	0	18.32	68	222.7	113.66	90.37	319.83	0.75	male	0.8	0.86	1.49
262	-15.8	-4.2	0.62	off	1.06	0	21.32	68	191.41	172.27	137.81	227.32	0.73	ambiguous	0.5	0.74	1.46
263	-15.6	-4.4	0.6	off	1.1	0	19.83	68	205.75	186.86	159.78	469.15	0.79	female	0.04	0.80	1.49
264	-15.8	-4.2	0.62	off	1.1	0	15.79	68	258.4	117.91	94.23	339.23	0.76	male	0.74	1.00	1.46
265	-15.7	-4.3	0.61	off	1.1	0	18.54	68	220.05	225	183.75	290.13	0.75	female	1	0.85	1.48
266	-16.6	-3.4	0.68	off	1.1	0	19.96	68	204.43	191.74	164.55	247.75	0.72	female	0.17	0.79	1.33
267	-16.1	-3.9	0.64	off	1.07	0	21.15	68	192.88	232.11	185.29	423.24	0.77	female	0.8	0.75	1.41
268	-16	-4	0.63	off	1.1	0	19.18	68	212.73	182.23	156.38	490	0.77	ambiguous	0.4	0.83	1.43
269	-17.2	-2.8	0.72	off	1.1	0	18.77	68	217.33	107.04	85.8	441	0.73	male	0.8	0.84	1.24
270	-16.2	-3.8	0.65	off	1	0	23.84	68	171.17	151.03	113.08	193.42	0.75	male	0.1	0.66	1.39
271	-15.9	-4.1	0.62	off	1.03	0	21.99	68	185.54	131.25	99.15	334.09	0.78	male	0.48	0.72	1.44
272	-18.5	-1.5	0.84	off	1.1	0	19.3	68	211.45	117.29	98.83	469.15	0.76	male	0.75	0.82	1.07
273	-15.5	-4.5	0.6	off	1	0	23.73	68	171.93	196.88	164.55	247.75	0.78	female	0.3	0.67	1.51
274	-17	-3	0.71	off	1.1	0	20.53	68	198.77	169.62	141.35	222.73	0.74	ambiguous	0.5	0.77	1.27
275	-17.2	-2.8	0.72	off	1.1	0	17.87	68	228.34	130.47	97.78	361.48	0.75	male	0.49	0.89	1.24
276	-16.7	-3.3	0.68	off	1.1	0	20.6	68	198.1	175	146.03	344.53	0.72	ambiguous	0.4	0.77	1.32
277	-15	-5	0.56	off	1.1	0	20.1	68	203.02	180.74	157.5	239.67	0.76	ambiguous	0.5	0.79	1.6
278	-16.6	-3.4	0.68	off	1.1	0	19.66	68	207.57	103.52	84.48	501.14	0.72	male	0.8	0.81	1.33
279	-16.7	-3.3	0.68	off	1.1	0	17.88	68	228.2	182.23	157.5	408.33	0.76	ambiguous	0.4	0.89	1.32
280	-15.5	-4.5	0.6	off	1.1	0	19.8	68	206.11	208.02	180.74	256.4	0.76	female	0.58	0.80	1.51
281	-15.7	-4.3	0.61	off	1.1	0	19.46	68	209.68	212.02	182.23	281.26	0.8	female	0.68	0.81	1.48
282	-16.8	-3.2	0.69	off	1.06	0	21.39	68	190.78	191.74	163.33	247.75	0.75	female	0.17	0.74	1.3
283	-15.6	-4.4	0.6	off	1.1	0	19.69	68	207.21	239.67	191.74	432.35	0.75	female	0.8	0.80	1.49
284	-16.4	-3.6	0.66	off	1.1	0	16.79	68	243.03	147	123.18	188.14	0.78	male	0.2	0.94	1.36
285	-13.9	-6.1	0.5	off	1	0	24.47	68	166.71	245	200.45	310.56	0.81	female	1	0.65	1.82
286	-15.3	-4.7	0.58	off	1.1	0	18.9	68	215.86	130.47	98.44	451.87	0.77	male	0.49	0.84	1.55
287	-17.3	-2.7	0.73	off	1.1	0	17.96	68	227.16	116.05	98.44	408.33	0.78	male	0.78	0.88	1.23
288	-16.7	-3.3	0.68	off	1.1	0	17.69	68	230.59	108.09	91.88	490	0.81	male	0.8	0.90	1.32
289	-15.6	-4.4	0.6	off	1.1	0	17.73	68	230.14	141.35	115.45	202.29	0.74	male	0.34	0.89	1.49
290	-16.4	-3.6	0.66	off	1.1	0	17.96	68	227.16	188.46	167.05	479.35	0.78	female	0.07	0.88	1.36
291	-15.7	-4.3	0.61	off	1.1	0	19.56	68	208.56	141.35	98.44	220.5	0.77	male	0.27	0.81	1.48
292	-16.4	-3.6	0.66	off	1.1	0	20.31	68	200.93	185.29	163.33	386.84	0.74	female	0.01	0.78	1.36
293	-17.3	-2.7	0.73	off	1.1	0	19.63	68	207.82	131.25	110.8	253.45	0.77	male	0.48	0.81	1.23
294	-15.8	-4.2	0.62	off	1.1	0	19.03	68	214.41	159.78	131.25	185.29	0.74	ambiguous	0.5	0.83	1.46
295	-17.9	-2.1	0.79	off	1.05	0	21.57	68	189.14	121.15	100.23	235.33	0.76	male	0.68	0.73	1.15
296	-19.1	-0.9	0.9	off	1.1	0	18.11	68	225.27	94.64	83.21	490	0.71	male	0.8	0.87	1
297	-16.9	-3.1	0.7	off	1	0	22.66	68	180.03	112.5	91.49	501.14	0.78	male	0.8	0.70	1.29
298	-14.8	-5.2	0.55	off	1.04	0	21.71	68	187.93	210	179.27	259.72	0.81	female	0.63	0.73	1.64
299	-16.3	-3.7	0.65	off	1.08	0	21.01	68	194.16	204.17	179.27	490	0.76	female	0.38	0.75	1.38
300	-16.3	-3.7	0.65	off	1.1	0	19.04	68	214.28	129.71	100.68	287.49	0.78	male	0.51	0.83	1.38
301	-16	-4	0.63	off	1.1	0	19.64	68	207.7	239.67	186.86	304.57	0.75	female	1	0.81	1.43
302	-15.8	-4.2	0.62	off	1.1	0	20.62	68	197.87	193.42	170.93	280.19	0.78	female	0.21	0.77	1.46
303	-17.5	-2.5	0.75	off	1.1	0	19.05	68	214.15	119.84	94.23	400.91	0.76	male	0.7	0.83	1.2
304	-15.1	-4.9	0.57	off	1.1	0	17.08	68	238.9	119.84	96.71	512.79	0.76	male	0.7	0.93	1.58
305	-14.4	-5.6	0.52	off	1.1	0	19.16	68	212.98	212.02	185.29	459.38	0.79	female	0.54	0.83	1.71
306	-15.7	-4.3	0.61	off	1.1	0	19.48	68	209.43	210	170.93	469.15	0.78	female	0.5	0.81	1.48
307	-16.1	-3.9	0.64	off	1.1	0	18.12	68	225.13	227.32	186.86	283.79	0.76	female	1	0.87	1.41
308	-16	-4	0.63	off	1.1	0	20.34	68	200.58	145.07	117.91	352.82	0.79	male	0.2	0.78	1.43
309	-15.7	-4.3	0.61	off	1.1	0	18.11	68	225.27	177.82	157.5	324.26	0.77	ambiguous	0.4	0.87	1.48
310	-15.8	-4.2	0.62	off	1	0	23	68	177.4	208.02	169.62	469.15	0.78	female	0.46	0.69	1.46
311	-16.5	-3.5	0.67	off	1	0	27.46	68	148.59	208.02	170.93	479.35	0.77	female	0.46	0.58	1.35
312	-15.4	-4.6	0.59	off	1.06	0	21.34	68	191.2	185.29	158.63	404.62	0.76	female	0.01	0.74	1.53
313	-16.6	-3.4	0.68	off	1.05	0	21.57	68	189.14	198.65	165.79	281.62	0.75	female	0.34	0.73	1.33
314	-16.3	-3.7	0.65	off	1.08	0	21.03	68	194.05	176.4	146.03	243.38	0.74	ambiguous	0.5	0.75	1.38
315	-15.1	-4.9	0.57	off	1	0	24.03	68	169.77	250.57	205.31	294	0.74	female	1	0.66	1.58
316	-16.3	-3.7	0.65	off	1.1	0	20.61	68	197.98	214.08	170.93	279.11	0.72	female	0.73	0.77	1.38
317	-16	-4	0.63	off	1.1	0	20.39	68	200.13	134.45	113.66	479.35	0.77	male	0.41	0.78	1.43
318	-17.1	-2.9	0.72	off	1.1	0	19.76	68	206.48	126.72	95.45	479.35	0.8	male	0.57	0.80	1.26
319	-15.4	-4.6	0.59	off	1	0	23	68	177.4	200.45	163.33	501.14	0.78	female	0.31	0.69	1.53
320	-15.3	-4.7	0.58	off	1.1	0	17.71	68	230.44	146.03	120.49	416.04	0.8	male	0.18	0.89	1.55
321	-16.6	-3.4	0.68	off	1.1	0	20.58	68	198.21	206.07	167.05	275.63	0.79	female	0.53	0.77	1.33
322	-15.2	-4.8	0.58	off	1.1	0	18.59	68	219.5	212.02	180.74	269.23	0.77	female	0.68	0.85	1.56
323	-15.6	-4.4	0.6	off	1.05	0	21.65	68	188.43	176.4	148.99	480.41	0.76	ambiguous	0.4	0.73	1.49
324	-16.7	-3.3	0.68	off	1.1	0	17.74	68	229.99	175	136.96	294.43	0.78	ambiguous	0.4	0.89	1.32
325	-15.7	-4.3	0.61	off	1.1	0	19.27	68	211.7	180.74	141.35	265.66	0.78	ambiguous	0.4	0.82	1.48
326	-16.4	-3.6	0.66	off	1.1	0	18.98	68	214.94	113.08	89.27	183.75	0.71	male	0.8	0.83	1.36
327	-17.9	-2.1	0.79	off	1.1	0	17.8	68	229.24	118.55	100.23	361.48	0.76	male	0.73	0.89	1.15
328	-17.6	-2.4	0.76	off	1	0	23.31	68	175.01	123.18	92.26	441	0.7	male	0.64	0.68	1.19
329	-15.2	-4.8	0.58	off	1.1	0	19.63	68	207.82	130.47	113.66	408.33	0.79	male	0.49	0.81	1.56
330	-16.2	-3.8	0.65	off	1.1	0	17.89	68	228.05	120.49	98.44	490	0.83	male	0.69	0.89	1.39
331	-16.1	-3.9	0.64	off	1.1	0	20.45	68	199.56	183.75	163.33	232.11	0.7	ambiguous	0.5	0.77	1.41
332	-19.2	-0.8	0.91	off	1.1	0	17.19	68	237.29	98	85.14	459.38	0.68	male	0.8	0.92	0.99
333	-16.4	-3.6	0.66	off	1.1	0	18.17	68	224.55	150	120.49	373.73	0.74	male	0.1	0.87	1.36
334	-18.1	-1.9	0.8	off	1.1	0	19.37	68	210.68	111.36	92.92	400.91	0.7	male	0.8	0.82	1.12
335	-15.3	-4.7	0.58	off	1.1	0	18.76	68	217.46	130.47	110.25	165.79	0.78	male	0.61	0.84	1.55
336	-16.9	-3.1	0.7	off	1.1	0	20.39	68	200.13	195.13	164.31	268.9	0.74	female	0.25	0.78	1.29
337	-16.3	-3.7	0.65	off	1.05	0	21.58	68	189.04	126.72	101.66	170.93	0.74	male	0.71	0.73	1.38
338	-18	-2	0.79	off	1.1	0	15.27	68	267.24	123.88	102.56	344.53	0.75	male	0.62	1.04	1.13
339	-17.6	-2.4	0.76	off	1.1	0	18.94	68	215.46	93.04	80.18	490	0.74	male	0.8	0.84	1.19
340	-14.8	-5.2	0.55	off	1	0	25.48	68	160.1	202.29	170.93	272.22	0.74	female	0.43	0.62	1.64
341	-16	-4	0.63	off	1.09	0	20.72	68	196.88	109.16	88.63	441	0.72	male	0.8	0.76	1.43
342	-16.8	-3.2	0.69	off	1.1	0	18.59	68	219.5	99.77	84.48	482.54	0.77	male	0.8	0.85	1.3
343	-15.8	-4.2	0.62	off	1.1	0	19.16	68	212.98	220.5	183.75	279.11	0.76	female	0.89	0.83	1.46
344	-16.6	-3.4	0.68	off	1.02	0	22.18	68	183.99	202.29	170.93	501.14	0.77	female	0.35	0.71	1.33
345	-16.1	-3.9	0.64	off	1	0	24.32	68	167.74	190.09	164.55	490	0.77	female	0.1	0.65	1.41
346	-14.9	-5.1	0.56	off	1.07	0	21.15	68	192.88	164.55	129.71	220.5	0.84	ambiguous	0.5	0.75	1.62
347	-16	-4	0.63	off	1.1	0	17.61	68	231.66	170.93	146.03	270.77	0.78	ambiguous	0.4	0.90	1.43
348	-15.5	-4.5	0.6	off	1.04	0	21.87	68	186.53	193.42	163.33	282.69	0.8	female	0.21	0.72	1.51
349	-15.3	-4.7	0.58	off	1.09	0	20.83	68	195.89	159.78	125.21	202.29	0.73	ambiguous	0.5	0.76	1.55
350	-17.6	-2.4	0.76	off	1.1	0	16.97	68	240.37	125.28	98.44	408.33	0.74	male	0.59	0.93	1.19
351	-14.5	-5.5	0.53	off	1.1	0	19.8	68	206.11	250.57	204.17	344.53	0.78	female	1	0.80	1.7
352	-14.1	-5.9	0.51	off	1	0	22.99	68	177.49	196.88	160.95	265.66	0.79	female	0.3	0.69	1.78
353	-17.5	-2.5	0.75	off	1	0	23.58	68	173.03	109.16	86.13	469.15	0.71	male	0.8	0.67	1.2
354	-13.9	-6.1	0.5	off	1.06	0	21.3	68	191.51	218.32	169.62	286.36	0.78	female	0.83	0.74	1.82
355	-15.7	-4.3	0.61	off	1.1	0	19.73	68	206.84	237.1	200.45	441	0.79	female	0.8	0.80	1.48
356	-15.3	-4.7	0.58	off	1.1	0	18.22	68	223.98	190.09	158.63	469.15	0.78	female	0.1	0.87	1.55
357	-16.3	-3.7	0.65	off	1.09	0	20.86	68	195.56	130.47	104.5	408.33	0.7	male	0.49	0.76	1.38
358	-17.8	-2.2	0.78	off	1.1	0	16.52	68	246.96	123.18	93.04	344.53	0.77	male	0.64	0.96	1.16
359	-16.2	-3.8	0.65	off	1.1	0	16.58	68	246.09	247.75	196.88	408.33	0.78	female	0.8	0.96	1.39
360	-16.1	-3.9	0.64	off	1.1	0	16.46	68	247.83	124.58	97.57	479.35	0.8	male	0.61	0.96	1.41
361	-16.1	-3.9	0.64	off	1.1	0	16.24	68	251.2	142.26	121.15	302.05	0.82	male	0.25	0.98	1.41
362	-16.6	-3.4	0.68	off	1.08	0	20.93	68	194.91	141.35	108.04	216.18	0.74	male	0.27	0.76	1.33
363	-17.9	-2.1	0.79	off	1	0	26.3	68	155.15	154.2	123.18	490	0.74	male	0.02	0.60	1.15
364	-17.7	-2.3	0.77	off	1.1	0	18.69	68	218.27	140.45	119.84	173.62	0.74	male	0.36	0.85	1.17
365	-14.7	-5.3	0.54	off	1.07	0	21.14	68	192.98	168.32	132.99	378.88	0.75	ambiguous	0.4	0.75	1.66
366	-15.7	-4.3	0.61	off	1.1	0	20.06	68	203.37	183.75	159.78	408.33	0.78	ambiguous	0.4	0.79	1.48
367	-15.8	-4.2	0.62	off	1.1	0	19.57	68	208.44	137.38	108.62	229.69	0.8	male	0.35	0.81	1.46
368	-16.6	-3.4	0.68	off	1.06	0	21.46	68	190.16	145.55	117.91	246.67	0.77	male	0.19	0.74	1.33
369	-16.4	-3.6	0.66	off	1.1	0	19.81	68	205.99	119.19	93.43	367.5	0.77	male	0.72	0.80	1.36
370	-15.5	-4.5	0.6	off	1.09	0	20.89	68	195.34	208.02	173.62	259.41	0.81	female	0.58	0.76	1.51
371	-15	-5	0.56	off	1.1	0	18.01	68	226.58	114.84	88.91	459.38	0.77	male	0.8	0.88	1.6
372	-15.3	-4.7	0.58	off	1.1	0	19.64	68	207.7	218.32	191.74	329.1	0.76	female	0.83	0.81	1.55
373	-15.9	-4.1	0.62	off	1	0	22.86	68	178.48	195.13	162.13	334.09	0.78	female	0.2	0.69	1.44
374	-16.1	-3.9	0.64	off	1.1	0	19.14	68	213.11	117.29	95.37	374.18	0.77	male	0.75	0.83	1.41
375	-14.7	-5.3	0.54	off	1.08	0	21.07	68	193.62	114.55	94.64	450	0.81	male	0.8	0.75	1.66
376	-15.1	-4.9	0.57	off	1.1	0	20.53	68	198.77	186.86	160.95	269.57	0.77	female	0.05	0.77	1.58
377	-16.2	-3.8	0.65	off	1.1	0	20.29	68	201.04	222.73	182.23	286.36	0.72	female	0.94	0.78	1.39
378	-14.9	-5.1	0.56	off	1.05	0	21.51	68	189.65	234.57	196.88	330.12	0.75	female	1	0.74	1.62
379	-17.4	-2.6	0.74	off	1.02	0	22.19	68	183.89	168.32	139.56	329.1	0.73	ambiguous	0.4	0.71	1.21
380	-16.2	-3.8	0.65	off	1.1	0	15.51	68	263.04	92.26	81.67	490	0.71	male	0.8	1.02	1.39
381	-15.5	-4.5	0.6	off	1.07	0	21.12	68	193.2	218.32	177.82	267.61	0.79	female	0.83	0.75	1.51
382	-14.7	-5.3	0.54	off	1.08	0	21	68	194.26	188.46	156.38	239.67	0.76	female	0.09	0.75	1.66
383	-17	-3	0.71	off	1	0	22.59	68	180.59	177.82	146.03	469.15	0.74	ambiguous	0.4	0.70	1.27
384	-16.1	-3.9	0.64	off	1.03	0	21.98	68	185.64	195.13	162.13	441	0.8	female	0.2	0.72	1.41
385	-16.8	-3.2	0.69	off	1.1	0	19.84	68	205.63	110.8	91.88	351.2	0.76	male	0.8	0.80	1.3
386	-15.9	-4.1	0.62	off	1.1	0	20.03	68	203.72	135.28	98.88	469.15	0.77	male	0.39	0.79	1.44
387	-15.6	-4.4	0.6	off	1.09	0	20.7	68	197.1	169.62	127.46	229.69	0.79	ambiguous	0.4	0.77	1.49
388	-18.3	-1.7	0.82	off	1.1	0	18.69	68	218.27	115.45	97.14	219.2	0.76	male	0.79	0.85	1.09
389	-15.8	-4.2	0.62	off	1.05	0	21.66	68	188.33	200.45	162.13	279.11	0.76	female	0.39	0.73	1.46
390	-15.1	-4.9	0.57	off	1	0	25.57	68	159.59	155.28	123.18	195.13	0.79	ambiguous	0.5	0.62	1.58
391	-16.3	-3.7	0.65	off	1.1	0	17.82	68	228.94	156.38	122.98	363.28	0.81	ambiguous	0.4	0.89	1.38
392	-17	-3	0.71	off	1.1	0	18.55	68	219.91	128.2	105.5	404.62	0.78	male	0.54	0.85	1.27
393	-15.9	-4.1	0.62	off	1.1	0	18.82	68	216.79	130.47	98.44	469.15	0.8	male	0.49	0.84	1.44
394	-15.1	-4.9	0.57	off	1.1	0	16.67	68	244.72	136.96	114.84	183.75	0.78	male	0.45	0.95	1.58
395	-16.3	-3.7	0.65	off	1.1	0	18.46	68	221.02	114.25	91.12	432.35	0.78	male	0.8	0.86	1.38
396	-14.5	-5.5	0.53	off	1.07	0	21.13	68	193.09	229.69	195.13	272.22	0.76	female	1	0.75	1.7
397	-14.6	-5.4	0.54	off	1	0	24.18	68	168.71	159.21	128.2	537.8	0.86	ambiguous	0.4	0.66	1.68
398	-16.7	-3.3	0.68	off	1.1	0	19.9	68	205.03	128.2	101.61	176.4	0.74	male	0.67	0.80	1.32
399	-16.6	-3.4	0.68	off	1.1	0	18.04	68	226.14	102.56	81.97	321.24	0.72	male	0.8	0.88	1.33
400	-17.8	-2.2	0.78	off	1.1	0	19.54	68	208.81	94.23	82.58	469.15	0.69	male	0.8	0.81	1.16
401	-17.1	-2.9	0.72	off	1.1	0	18.6	68	219.36	126	94.64	172.27	0.75	male	0.58	0.85	1.26
402	-16.1	-3.9	0.64	off	1.1	0	17.95	68	227.31	124.58	91.49	441	0.72	male	0.61	0.88	1.41
403	-16.2	-3.8	0.65	off	1.04	0	21.83	68	186.93	176.4	153.13	469.15	0.75	ambiguous	0.4	0.73	1.39
404	-15.7	-4.3	0.61	off	1.05	0	21.57	68	189.14	133.64	99.32	450	0.77	male	0.43	0.73	1.48
405	-15.6	-4.4	0.6	off	1.09	0	20.86	68	195.56	123.18	91.49	432.35	0.77	male	0.64	0.76	1.49
406	-16.3	-3.7	0.65	off	1.1	0	17.66	68	231.05	126.72	103.52	424.87	0.78	male	0.57	0.90	1.38
407	-15.8	-4.2	0.62	off	1.01	0	22.47	68	181.61	140.45	109.16	315	0.71	male	0.29	0.71	1.46
408	-14.4	-5.6	0.52	off	1.1	0	20.1	68	203.02	229.69	195.13	490	0.81	female	0.8	0.79	1.71
409	-16.4	-3.6	0.66	off	1.1	0	18.41	68	221.58	99.77	83.52	408.33	0.7	male	0.8	0.86	1.36
410	-17.9	-2.1	0.79	off	1.1	0	18.61	68	219.23	107.04	86.47	141.35	0.75	male	1	0.85	1.15
411	-16.8	-3.2	0.69	off	1	0	23.03	68	177.13	175	144.12	255.22	0.76	ambiguous	0.5	0.69	1.3
412	-16.2	-3.8	0.65	off	1.1	0	20.17	68	202.32	177.82	146.03	256.4	0.76	ambiguous	0.5	0.79	1.39
413	-16.2	-3.8	0.65	off	1	0	28.44	68	143.44	104.5	86.47	459.38	0.75	male	0.8	0.56	1.39
414	-16.2	-3.8	0.65	off	1.05	0	21.54	68	189.45	120.49	93.43	459.38	0.75	male	0.69	0.74	1.39
415	-16.6	-3.4	0.68	off	1.08	0	21	68	194.26	127.46	96.71	416.04	0.79	male	0.55	0.75	1.33
416	-16.5	-3.5	0.67	off	1.1	0	18.78	68	217.2	130.47	96.71	250.57	0.75	male	0.49	0.84	1.35
417	-15.9	-4.1	0.62	off	1.02	0	22.28	68	183.13	158.63	117.91	289.03	0.74	ambiguous	0.4	0.71	1.44
418	-19	-1	0.89	off	1.1	0	18.31	68	222.84	105.5	83.52	394.69	0.71	male	0.8	0.87	1.01
419	-15.4	-4.6	0.59	off	1	0	24.95	68	163.53	176.4	140.63	245	0.78	ambiguous	0.5	0.64	1.53
420	-15.5	-4.5	0.6	off	1.1	0	19.13	68	213.24	206.07	168.32	297.18	0.79	female	0.53	0.83	1.51
421	-15.2	-4.8	0.58	off	1.06	0	21.36	68	190.99	225	177.82	286.36	0.77	female	1	0.74	1.56
422	-17.2	-2.8	0.72	off	1.1	0	18.54	68	220.05	172.27	145.07	227.32	0.77	ambiguous	0.5	0.85	1.24
423	-17.6	-2.4	0.76	off	1.1	0	19.12	68	213.37	130.47	110.25	450	0.77	male	0.49	0.83	1.19
424	-16.1	-3.9	0.64	off	1.04	0	21.77	68	187.43	193.42	164.55	278.07	0.75	female	0.21	0.73	1.41
425	-15.1	-4.9	0.57	off	1.1	0	19.78	68	206.23	135.28	117.29	408.33	0.79	male	0.39	0.80	1.58
426	-18.2	-1.8	0.81	off	1.1	0	18.29	68	223.13	98.44	83.21	441	0.7	male	0.8	0.87	1.11
427	-16	-4	0.63	off	1.1	0	19.32	68	211.19	123.88	96.71	459.38	0.76	male	0.62	0.82	1.43
428	-15.8	-4.2	0.62	off	1.1	0	20.5	68	198.99	107.82	86.13	490	0.74	male	0.8	0.77	1.46
429	-16.9	-3.1	0.7	off	1.1	0	16.18	68	252.1	114.25	90.74	494.45	0.82	male	0.8	0.98	1.29
430	-16.3	-3.7	0.65	off	1.1	0	18.72	68	218	170.93	138.68	289	0.76	ambiguous	0.4	0.85	1.38
431	-16.7	-3.3	0.68	off	1.05	0	21.61	68	188.83	109.43	86.13	525	0.8	male	0.8	0.73	1.32
432	-16.8	-3.2	0.69	off	1.08	0	20.92	68	195.02	117.91	96.2	469.15	0.73	male	0.74	0.76	1.3
433	-16	-4	0.63	off	1.1	0	20.56	68	198.43	176.4	148.99	344.53	0.79	ambiguous	0.4	0.77	1.43
434	-17.7	-2.3	0.77	off	1.06	0	21.35	68	191.09	190.09	167.05	262.5	0.77	female	0.13	0.74	1.17
435	-16.1	-3.9	0.64	off	1.1	0	18.46	68	221.02	104.01	86.81	410.64	0.74	male	0.8	0.86	1.41
436	-15	-5	0.56	off	1.1	0	17.98	68	226.87	152.07	110.25	200.45	0.77	male	0.06	0.88	1.6
437	-15.4	-4.6	0.59	off	1.1	0	16.65	68	245.06	128.95	109.16	450	0.76	male	0.52	0.95	1.53
438	-17	-3	0.71	off	1.1	0	20.4	68	200.01	97.57	83.84	459.38	0.74	male	0.8	0.78	1.27
439	-15.4	-4.6	0.59	off	1.1	0	18.63	68	218.95	234.57	200.45	441	0.78	female	0.8	0.85	1.53
440	-16	-4	0.63	off	1.1	0	19.54	68	208.81	183.75	157.5	253.45	0.73	ambiguous	0.5	0.81	1.43
441	-16.5	-3.5	0.67	off	1.1	0	20.33	68	200.7	151.03	111.76	253.22	0.76	male	0.08	0.78	1.35
442	-16.5	-3.5	0.67	off	1.1	0	20.65	68	197.54	137.81	106.01	450	0.71	male	0.34	0.77	1.35
443	-14.8	-5.2	0.55	off	1	0	24.11	68	169.2	222.73	183.75	275.63	0.77	female	0.94	0.66	1.64
444	-15.8	-4.2	0.62	off	1	0	23.46	68	173.89	222.73	177.82	324.26	0.74	female	0.75	0.68	1.46
445	-16.9	-3.1	0.7	off	1.1	0	17.96	68	227.16	122.5	100.64	501.14	0.81	male	0.65	0.88	1.29
446	-15.2	-4.8	0.58	off	1.1	0	19.05	68	214.15	210	177.82	268.9	0.78	female	0.63	0.83	1.56
447	-15.7	-4.3	0.61	off	1.1	0	18.08	68	225.7	222.73	186.86	279.11	0.79	female	0.94	0.88	1.48
448	-16.9	-3.1	0.7	off	1.1	0	15.52	68	262.84	212.02	175	403.88	0.77	female	0.54	1.02	1.29
449	-15.9	-4.1	0.62	off	1	0	22.77	68	179.21	245	188.46	294	0.76	female	1	0.70	1.44
450	-14	-6	0.5	off	1.1	0	19.48	68	209.43	220.5	183.75	272.22	0.76	female	0.89	0.81	1.8
451	-15	-5	0.56	off	1.1	0	17.95	68	227.31	191.74	164.55	253.45	0.75	female	0.17	0.88	1.6
452	-17	-3	0.71	off	1.1	0	17.84	68	228.64	100.68	84.39	490	0.7	male	0.8	0.89	1.27
453	-14.7	-5.3	0.54	off	1.1	0	20.48	68	199.22	242.31	196.88	324.75	0.81	female	1	0.77	1.66
454	-17.4	-2.6	0.74	off	1.1	0	17.48	68	233.35	124.58	101.61	520.12	0.75	male	0.61	0.91	1.21
455	-14.7	-5.3	0.54	off	1.1	0	18.99	68	214.81	220.5	179.27	310.56	0.79	female	0.89	0.83	1.66
456	-15.5	-4.5	0.6	off	1.1	0	19.84	68	205.63	139.56	105.5	214.08	0.77	male	0.31	0.80	1.51
457	-17.3	-2.7	0.73	off	1	0	23.39	68	174.4	172.27	146.03	214.08	0.73	ambiguous	0.5	0.68	1.23
458	-14.4	-5.6	0.52	off	1.1	0	17.83	68	228.79	188.46	162.13	469.15	0.85	female	0.07	0.89	1.71
459	-16.8	-3.2	0.69	off	1.1	0	18.59	68	219.5	117.91	92.26	525	0.81	male	0.74	0.85	1.3
460	-17.5	-2.5	0.75	off	1.09	0	20.81	68	196.11	126	107.04	169.62	0.82	male	0.73	0.76	1.2
461	-17.7	-2.3	0.77	off	1.06	0	21.43	68	190.37	186.86	158.63	245	0.69	female	0.05	0.74	1.17
462	-17.2	-2.8	0.72	off	1	0	23.08	68	176.77	168.32	125.28	232.11	0.72	ambiguous	0.4	0.69	1.24
463	-17	-3	0.71	off	1.1	0	18.44	68	221.3	117.91	97.31	501.14	0.79	male	0.74	0.86	1.27
464	-16.6	-3.4	0.68	off	1.1	0	18.52	68	220.33	198.65	170.93	253.45	0.75	female	0.34	0.86	1.33
465	-15.6	-4.4	0.6	off	1.1	0	20.61	68	197.98	136.96	107.04	176.4	0.75	male	0.45	0.77	1.49
466	-14.8	-5.2	0.55	off	1	0	26.77	68	152.39	212.02	170.93	427.36	0.79	female	0.54	0.59	1.64
467	-16.6	-3.4	0.68	off	1.1	0	18.74	68	217.73	185.29	159.78	247.75	0.75	female	0.01	0.85	1.33
468	-16.4	-3.6	0.66	off	1.1	0	18.61	68	219.23	185.29	159.78	263.45	0.75	female	0.01	0.85	1.36
469	-16.5	-3.5	0.67	off	1.1	0	18.13	68	224.98	177.82	143.18	259.41	0.75	ambiguous	0.4	0.87	1.35
470	-16.2	-3.8	0.65	off	1.09	0	20.71	68	196.99	168.32	125.28	237.1	0.74	ambiguous	0.4	0.77	1.39
471	-16	-4	0.63	off	1.04	0	21.88	68	186.43	188.46	165.79	247.2	0.75	female	0.09	0.72	1.43
472	-17.2	-2.8	0.72	off	1.06	0	21.32	68	191.41	121.15	90.37	367.5	0.72	male	0.68	0.74	1.24
473	-14.7	-5.3	0.54	off	1.1	0	17.89	68	228.05	103.04	86.13	286.36	0.77	male	0.8	0.89	1.66
474	-17.3	-2.7	0.73	off	1.1	0	19.14	68	213.11	110.8	90	344.53	0.74	male	0.8	0.83	1.23
475	-15.2	-4.8	0.58	off	1.1	0	18.41	68	221.58	172.27	133.64	450	0.76	ambiguous	0.4	0.86	1.56
476	-16.8	-3.2	0.69	off	1	0	22.58	68	180.68	149.49	104.01	213.05	0.74	male	0.11	0.70	1.3
477	-15.3	-4.7	0.58	off	1.1	0	17.53	68	232.73	122.5	102.08	271.89	0.77	male	0.65	0.90	1.55
478	-16.4	-3.6	0.66	off	1.01	0	22.38	68	182.27	146.03	110.53	203.23	0.73	male	0.18	0.71	1.36
479	-18.3	-1.7	0.82	off	1.1	0	19.04	68	214.28	91.88	83.21	344.53	0.7	male	0.8	0.83	1.09
480	-16	-4	0.63	off	1.1	0	18.34	68	222.42	172.27	131.25	424.04	0.79	ambiguous	0.4	0.86	1.43
481	-17.7	-2.3	0.77	off	1.09	0	20.86	68	195.56	111.93	97.14	441	0.73	male	0.8	0.76	1.17
482	-17.3	-2.7	0.73	off	1.01	0	22.34	68	182.65	162.13	128.95	202.29	0.79	ambiguous	0.5	0.71	1.23
483	-16	-4	0.63	off	1.03	0	21.97	68	185.74	117.29	93.43	361.48	0.77	male	0.75	0.72	1.43
484	-18.6	-1.4	0.85	off	1.1	0	17.03	68	239.55	111.93	93.04	459.38	0.74	male	0.8	0.93	1.06
485	-14.2	-5.8	0.51	off	1.1	0	20.13	68	202.67	191.74	169.75	247.75	0.76	female	0.17	0.79	1.75
486	-16.6	-3.4	0.68	off	1	0	22.87	68	178.39	130.47	105.86	176.4	0.74	male	0.61	0.69	1.33
487	-15.8	-4.2	0.62	off	1.07	0	21.13	68	193.09	198.65	162.13	418.44	0.77	female	0.27	0.75	1.46
488	-15.9	-4.1	0.62	off	1.07	0	21.25	68	192.03	222.73	190.09	286.36	0.74	female	0.94	0.75	1.44
489	-15.9	-4.1	0.62	off	1.07	0	21.21	68	192.35	124.58	99.46	400.91	0.75	male	0.61	0.75	1.44
490	-15.4	-4.6	0.59	off	1.06	0	21.44	68	190.27	139.56	117.29	416.04	0.79	male	0.31	0.74	1.53
491	-17.3	-2.7	0.73	off	1.09	0	20.7	68	197.1	124.58	110.25	424.04	0.79	male	0.61	0.77	1.23
492	-15.6	-4.4	0.6	off	1.1	0	16.75	68	243.54	124.58	98.88	435.81	0.78	male	0.61	0.95	1.49
493	-15.7	-4.3	0.61	off	1.1	0	20.34	68	200.58	202.29	167.17	380.17	0.79	female	0.35	0.78	1.48
494	-15.6	-4.4	0.6	off	1.04	0	21.8	68	187.13	196.88	165.79	469.15	0.81	female	0.24	0.73	1.49
495	-15.9	-4.1	0.62	off	1.1	0	20.6	68	198.1	128.2	95.87	356.21	0.73	male	0.54	0.77	1.44
496	-18.3	-1.7	0.82	off	1.1	0	18.69	68	218.27	108.62	93.63	459.38	0.76	male	0.8	0.85	1.09
497	-17	-3	0.71	off	1.1	0	19.71	68	206.96	127.46	105	425.83	0.78	male	0.55	0.80	1.27
498	-17.4	-2.6	0.74	off	1.1	0	19.48	68	209.43	113.08	89.89	501.14	0.74	male	0.8	0.81	1.21
499	-18.1	-1.9	0.8	off	1.1	0	19.57	68	208.44	88.91	79.03	490	0.69	male	0.8	0.81	1.12
500	-17.2	-2.8	0.72	off	1.1	0	18.8	68	217.06	98	82.58	367.5	0.71	male	0.8	0.84	1.24
501	-15.8	-4.2	0.62	off	1.1	0	19.63	68	207.82	106.52	87.85	501.14	0.76	male	0.8	0.81	1.46
502	-19.2	-0.8	0.91	off	1.1	0	17.81	68	229.09	120.49	102.08	158.63	0.71	male	0.86	0.89	0.99
503	-13.8	-6.2	0.49	off	1.1	0	17.32	68	235.54	212.02	180	259.41	0.79	female	0.68	0.91	1.84
504	-17.3	-2.7	0.73	off	1.1	0	18.73	68	217.87	137.81	110.25	479.35	0.76	male	0.34	0.85	1.23
505	-15.5	-4.5	0.6	off	1.08	0	21.07	68	193.62	202.29	179.27	450	0.77	female	0.35	0.75	1.51
506	-16.4	-3.6	0.66	off	1.1	0	18.74	68	217.73	117.91	90	253.99	0.78	male	0.74	0.85	1.36
507	-15.3	-4.7	0.58	off	1.05	0	21.58	68	189.04	176.4	148.99	490	0.77	ambiguous	0.4	0.73	1.55
508	-15.6	-4.4	0.6	off	1.1	0	17.8	68	229.24	153.13	111.42	216.18	0.71	male	0.04	0.89	1.49
509	-15.7	-4.3	0.61	off	1.1	0	16.11	68	253.19	135.28	112.9	175	0.8	male	0.49	0.98	1.48
510	-17.7	-2.3	0.77	off	1	0	22.84	68	178.66	155.28	108.09	229.69	0.71	ambiguous	0.4	0.69	1.17
511	-17.5	-2.5	0.75	off	1.1	0	17.28	68	236.17	126	100.82	306.25	0.77	male	0.58	0.92	1.2
512	-17.1	-2.9	0.72	off	1.1	0	18.23	68	223.84	113.66	93.43	149.7	0.7	male	1	0.87	1.26
513	-15.1	-4.9	0.57	off	1.1	0	20.43	68	199.67	225	195.13	294	0.77	female	1	0.78	1.58
514	-16.3	-3.7	0.65	off	1.1	0	19.8	68	206.11	108.09	89.89	450	0.75	male	0.8	0.80	1.38
515	-15.1	-4.9	0.57	off	1.1	0	20.53	68	198.77	193.42	167.05	479.35	0.8	female	0.17	0.77	1.58
516	-14.8	-5.2	0.55	off	1.1	0	19.69	68	207.21	183.75	164.55	272.22	0.79	ambiguous	0.5	0.80	1.64
517	-14.8	-5.2	0.55	off	1	0	23.6	68	172.86	250.57	204.17	391.06	0.79	female	0.8	0.67	1.64
518	-18.2	-1.8	0.81	off	1.1	0	19.91	68	204.91	100.23	82.28	490	0.77	male	0.8	0.80	1.11
519	-15	-5	0.56	off	1.1	0	18.68	68	218.41	141.35	107.04	463.28	0.8	male	0.27	0.85	1.6
520	-16.4	-3.6	0.66	off	1.1	0	17.82	68	228.94	107.56	89.63	416.04	0.73	male	0.8	0.89	1.36
521	-16.9	-3.1	0.7	off	1.1	0	19.08	68	213.89	129.71	105.5	179.27	0.75	male	0.63	0.83	1.29
522	-16.1	-3.9	0.64	off	1.1	0	20.53	68	198.77	105	86.13	412.96	0.7	male	0.8	0.77	1.41
523	-17.8	-2.2	0.78	off	1.1	0	19.1	68	213.63	103.04	82.58	501.14	0.78	male	0.8	0.83	1.16
524	-15.5	-4.5	0.6	off	1.01	0	22.37	68	182.37	190.09	159.78	265.66	0.77	female	0.13	0.71	1.51
525	-15.2	-4.8	0.58	off	1.08	0	20.93	68	194.91	225	190.09	268.9	0.79	female	1	0.76	1.56
526	-18.2	-1.8	0.81	off	1.1	0	15.29	68	266.84	134.45	104.5	361.48	0.77	male	0.41	1.04	1.11
527	-16.6	-3.4	0.68	off	1.1	0	17.87	68	228.34	114.84	98.88	501.14	0.77	male	0.8	0.89	1.33
528	-16.8	-3.2	0.69	off	1.1	0	18.33	68	222.56	117.29	88.2	447.3	0.79	male	0.75	0.86	1.3
529	-15.1	-4.9	0.57	off	1.1	0	18.37	68	222.14	227.32	183.75	286.36	0.78	female	1	0.86	1.58
530	-16.6	-3.4	0.68	off	1	0	24.38	68	167.34	168.32	131.25	250.57	0.77	ambiguous	0.4	0.65	1.33
531	-16.8	-3.2	0.69	off	1.1	0	18.68	68	218.41	109.16	88.55	446.4	0.76	male	0.8	0.85	1.3
532	-15.6	-4.4	0.6	off	1.1	0	18.78	68	217.2	200.45	165.79	290.13	0.81	female	0.39	0.84	1.49
533	-20.5	0.5	1.06	off	1.1	0	19.41	68	210.18	95.04	85.47	450	0.69	male	0.8	0.82	0.85
534	-16.5	-3.5	0.67	off	1.1	0	17.62	68	231.5	179.27	150	253.45	0.78	ambiguous	0.5	0.90	1.35
535	-14.8	-5.2	0.55	off	1.06	0	21.37	68	190.89	185.29	163.21	416.84	0.77	female	0.01	0.74	1.64
536	-16	-4	0.63	off	1	0	24.76	68	164.75	190.09	167.05	242.31	0.75	female	0.13	0.64	1.43
537	-16.4	-3.6	0.66	off	1.1	0	17.69	68	230.59	206.07	177.82	256.4	0.76	female	0.53	0.90	1.36
538	-15.7	-4.3	0.61	off	1.1	0	20.22	68	201.73	109.16	88.55	479.35	0.72	male	0.8	0.78	1.48
539	-15	-5	0.56	off	1.08	0	21.06	68	193.73	232.11	198.65	275.63	0.71	female	1	0.75	1.6
540	-15.5	-4.5	0.6	off	1.1	0	19.26	68	211.83	130.47	97.57	441	0.76	male	0.49	0.82	1.51
541	-16.1	-3.9	0.64	off	1.1	0	16.02	68	254.65	165.79	131.25	416.04	0.76	ambiguous	0.4	0.99	1.41
542	-17.2	-2.8	0.72	off	1.1	0	19.48	68	209.43	133.64	115.45	271.23	0.77	male	0.43	0.81	1.24
543	-16	-4	0.63	off	1.1	0	19.7	68	207.08	100.68	86.13	469.15	0.72	male	0.8	0.80	1.43
544	-18.3	-1.7	0.82	off	1.1	0	19.25	68	211.96	99.32	82.58	344.53	0.7	male	0.8	0.82	1.09
545	-16	-4	0.63	off	1.1	0	19.57	68	208.44	214.08	188.46	434.08	0.79	female	0.58	0.81	1.43
546	-16.2	-3.8	0.65	off	1.08	0	21.08	68	193.51	126	90.37	179.27	0.69	male	0.58	0.75	1.39
547	-19.2	-0.8	0.91	off	1.01	0	22.44	68	181.8	103.04	86.13	501.14	0.75	male	0.8	0.71	0.99
548	-16.4	-3.6	0.66	off	1.09	0	20.74	68	196.76	225	172.27	282.69	0.74	female	1	0.76	1.36
549	-15.6	-4.4	0.6	off	1.1	0	18.54	68	220.05	142.26	109.7	361.48	0.78	male	0.25	0.85	1.49
550	-14.8	-5.2	0.55	off	1.1	0	18	68	226.72	232.11	200.45	279.11	0.74	female	1	0.88	1.64
551	-15.7	-4.3	0.61	off	1.1	0	19.93	68	204.67	202.29	159.78	282.69	0.76	female	0.43	0.79	1.48
552	-21.1	1.1	1.14	off	1.1	0	16.45	68	248	95.04	82.68	342.94	0.71	male	0.8	0.96	0.79
553	-14.6	-5.4	0.54	off	1.1	0	18.12	68	225.13	212.02	180.74	275.63	0.79	female	0.68	0.87	1.68
554	-16.9	-3.1	0.7	off	1.1	0	20.58	68	198.21	191.74	164.55	479.35	0.77	female	0.13	0.77	1.29
555	-17.3	-2.7	0.73	off	1.1	0	18.44	68	221.3	191.74	168.32	469.15	0.75	female	0.13	0.86	1.23
556	-15.3	-4.7	0.58	off	1.1	0	19.66	68	207.57	225	190.09	272.22	0.75	female	1	0.81	1.55
557	-13.9	-6.1	0.5	off	1.1	0	18.77	68	217.33	214.08	176.4	279.11	0.82	female	0.73	0.84	1.82
558	-14.8	-5.2	0.55	off	1.1	0	19.85	68	205.51	220.5	175	310.13	0.79	female	0.89	0.80	1.64
559	-14.9	-5.1	0.56	off	1.1	0	17.61	68	231.66	125.28	93.04	490	0.81	male	0.59	0.90	1.62
560	-14.9	-5.1	0.56	off	1.1	0	18.53	68	220.19	222.73	195.13	268.9	0.76	female	0.94	0.86	1.62
561	-16.5	-3.5	0.67	off	1.01	0	22.53	68	181.05	204.17	169.62	265.66	0.74	female	0.48	0.70	1.35
562	-16.1	-3.9	0.64	off	1.07	0	21.12	68	193.2	195.13	150.92	272.22	0.76	female	0.2	0.75	1.41
563	-17.9	-2.1	0.79	off	1.1	0	17.65	68	231.2	138.68	104.5	429.86	0.76	male	0.33	0.90	1.15
564	-18.9	-1.1	0.88	off	1.1	0	17.86	68	228.49	93.83	80.77	512.79	0.69	male	0.8	0.89	1.02
565	-15.2	-4.8	0.58	off	1.02	0	22.22	68	183.61	191.74	165.79	294	0.79	female	0.17	0.71	1.56
566	-14.4	-5.6	0.52	off	1.01	0	22.55	68	180.96	220.5	183.75	279.11	0.74	female	0.89	0.70	1.71
567	-16.3	-3.7	0.65	off	1.1	0	20.18	68	202.2	210	175	272.22	0.77	female	0.63	0.79	1.38
568	-17.7	-2.3	0.77	off	1.1	0	18.81	68	216.93	110.8	86.13	163.33	0.71	male	0.8	0.84	1.17
569	-15.7	-4.3	0.61	off	1.1	0	19.01	68	214.67	115.45	97.57	408.33	0.74	male	0.79	0.83	1.48
570	-14.6	-5.4	0.54	off	1	0	23.93	68	170.51	164.55	136.11	441	0.75	ambiguous	0.4	0.66	1.68
571	-14.8	-5.2	0.55	off	1.1	0	18.83	68	216.66	105.5	87.85	408.33	0.82	male	0.8	0.84	1.64
572	-16.1	-3.9	0.64	off	1.1	0	20.25	68	201.5	115.45	93.83	432.35	0.73	male	0.79	0.78	1.41
573	-15.5	-4.5	0.6	off	1.1	0	19.76	68	206.48	183.75	164.55	239.67	0.77	ambiguous	0.5	0.80	1.51
574	-16.5	-3.5	0.67	off	1.1	0	19.88	68	205.27	195.13	164.55	351.13	0.74	female	0.2	0.80	1.35
575	-16.6	-3.4	0.68	off	1.1	0	20.58	68	198.21	130.47	90.74	218.32	0.72	male	0.49	0.77	1.33
576	-14.7	-5.3	0.54	off	1.07	0	21.21	68	192.35	198.65	165.79	259.41	0.76	female	0.34	0.75	1.66
577	-17.6	-2.4	0.76	off	1.1	0	18.45	68	221.16	135.28	108.89	459.38	0.74	male	0.39	0.86	1.19
578	-16.4	-3.6	0.66	off	1.04	0	21.9	68	186.33	121.82	95.87	176.69	0.76	male	0.66	0.72	1.36
579	-16.4	-3.6	0.66	off	1.1	0	19.99	68	204.08	202.29	172.27	256.4	0.78	female	0.43	0.79	1.36
580	-14.4	-5.6	0.52	off	1.05	0	21.68	68	188.23	188.46	155.28	256.4	0.78	female	0.09	0.73	1.71
581	-15.4	-4.6	0.59	off	1	0	25.24	68	161.65	220.5	183.6	279.11	0.76	female	0.89	0.63	1.53
582	-17.9	-2.1	0.79	off	1.1	0	19.77	68	206.35	188.46	158.63	429.86	0.77	female	0.07	0.80	1.15
583	-16	-4	0.63	off	1.1	0	17.64	68	231.35	130.47	105.5	180.59	0.81	male	0.61	0.90	1.43
584	-15.8	-4.2	0.62	off	1.09	0	20.85	68	195.67	115.45	97.14	156.94	0.76	male	0.99	0.76	1.46
585	-15.7	-4.3	0.61	off	1.1	0	20.27	68	201.27	218.32	173.62	290.13	0.73	female	0.83	0.78	1.48
586	-16.5	-3.5	0.67	off	1.1	0	20.28	68	201.16	132.83	109.16	309.75	0.72	male	0.44	0.78	1.35
587	-15.9	-4.1	0.62	off	1	0	28.04	68	145.52	218.32	177.82	265.66	0.77	female	0.83	0.57	1.44
588	-16	-4	0.63	off	1.1	0	18.97	68	215.07	218.32	185.29	262.5	0.76	female	0.83	0.84	1.43
589	-15.8	-4.2	0.62	off	1.1	0	17.82	68	228.94	123.88	92.26	432.35	0.81	male	0.62	0.89	1.46
590	-14.4	-5.6	0.52	off	1.02	0	22.23	68	183.51	202.29	152.91	282.69	0.8	female	0.35	0.71	1.71
591	-16.2	-3.8	0.65	off	1.1	0	18.46	68	221.02	104.5	86.13	367.5	0.7	male	0.8	0.86	1.39
592	-15.5	-4.5	0.6	off	1.07	0	21.26	68	191.93	177.82	133.8	296.4	0.74	ambiguous	0.4	0.75	1.51
593	-16.5	-3.5	0.67	off	1.05	0	21.61	68	188.83	182.23	145.07	450	0.74	ambiguous	0.4	0.73	1.35
594	-18.2	-1.8	0.81	off	1.1	0	19.92	68	204.79	95.87	81.07	355.65	0.74	male	0.8	0.80	1.11
595	-15.7	-4.3	0.61	off	1.1	0	19.47	68	209.55	227.32	185.29	306.25	0.73	female	1	0.81	1.48
596	-18.9	-1.1	0.88	off	1.1	0	17.66	68	231.05	105	86.47	540.49	0.72	male	0.8	0.90	1.02
597	-15.7	-4.3	0.61	off	1.1	0	20.35	68	200.47	106.01	85.47	400.91	0.7	male	0.8	0.78	1.48
598	-15.8	-4.2	0.62	off	1.04	0	21.82	68	187.03	143.18	114.25	184.06	0.79	male	0.3	0.73	1.46
599	-14.9	-5.1	0.56	off	1.08	0	20.97	68	194.59	202.29	172.27	367.5	0.77	female	0.35	0.76	1.62
600	-17.1	-2.9	0.72	off	1.1	0	18.95	68	215.33	106.52	83.46	432.35	0.75	male	0.8	0.84	1.26
601	-16.4	-3.6	0.66	off	1.1	0	20.43	68	199.67	206.07	164.55	334.09	0.76	female	0.42	0.78	1.36
602	-17.6	-2.4	0.76	off	1.1	0	19.82	68	205.87	128.57	95.45	220.5	0.74	male	0.53	0.80	1.19
603	-15	-5	0.56	off	1.1	0	20.38	68	200.24	245	186.86	355.65	0.75	female	0.8	0.78	1.6
604	-18.4	-1.6	0.83	off	1.1	0	19.17	68	212.85	135.28	108.09	400.91	0.7	male	0.39	0.83	1.08
605	-17.8	-2.2	0.78	off	1.07	0	21.18	68	192.67	104.01	84.81	501.14	0.72	male	0.8	0.75	1.16
606	-17.3	-2.7	0.73	off	1	0	23.78	68	171.59	121.15	88.91	410.64	0.71	male	0.68	0.67	1.23
607	-16.9	-3.1	0.7	off	1.1	0	19.75	68	206.6	96.29	84.81	344.53	0.7	male	0.8	0.80	1.29
608	-16.3	-3.7	0.65	off	1.1	0	19.68	68	207.33	134.45	108.09	180.74	0.75	male	0.51	0.81	1.38
609	-16	-4	0.63	off	1.03	0	21.98	68	185.64	120.49	91.88	329.1	0.72	male	0.69	0.72	1.43
610	-15.7	-4.3	0.61	off	1	0	22.72	68	179.57	137.81	113.08	287.52	0.79	male	0.34	0.70	1.48
611	-15.1	-4.9	0.57	off	1.05	0	21.64	68	188.53	237.1	202.29	398.83	0.77	female	0.8	0.73	1.58
612	-16.1	-3.9	0.64	off	1.07	0	21.13	68	193.09	172.27	132.83	399.88	0.76	ambiguous	0.4	0.75	1.41
613	-15.7	-4.3	0.61	off	1.1	0	20.03	68	203.72	111.93	86.13	432.35	0.7	male	0.8	0.79	1.48
614	-14.8	-5.2	0.55	off	1	0	22.58	68	180.68	218.32	180.74	386.84	0.77	female	0.67	0.70	1.64
615	-18.5	-1.5	0.84	off	1.1	0	17.74	68	229.99	101.15	86.13	479.35	0.74	male	0.8	0.89	1.07
616	-17.6	-2.4	0.76	off	1.1	0	19.03	68	214.41	129.71	100.23	490	0.78	male	0.51	0.83	1.19
617	-14.8	-5.2	0.55	off	1.1	0	19.39	68	210.43	186.86	156.38	411.47	0.76	female	0.04	0.82	1.64
618	-16.4	-3.6	0.66	off	1.1	0	19.53	68	208.93	113.08	91.99	161.78	0.71	male	1	0.81	1.36
619	-17.4	-2.6	0.74	off	1.1	0	17.72	68	230.29	169.62	136.96	441.9	0.78	ambiguous	0.4	0.89	1.21
620	-15.1	-4.9	0.57	off	1.1	0	19.71	68	206.96	160.95	130.47	206.07	0.8	ambiguous	0.5	0.80	1.58
621	-17.7	-2.3	0.77	off	1	0	29.02	68	140.57	177.82	128.95	237.1	0.71	ambiguous	0.4	0.55	1.17
622	-15.6	-4.4	0.6	off	1.1	0	17.79	68	229.39	119.19	94.23	362.68	0.75	male	0.72	0.89	1.49
623	-16.2	-3.8	0.65	off	1.1	0	19.68	68	207.33	198.65	163.33	469.15	0.74	female	0.27	0.81	1.39
624	-16.8	-3.2	0.69	off	1.1	0	17.69	68	230.59	220.5	186.86	279.11	0.76	female	0.89	0.90	1.3
625	-15.3	-4.7	0.58	off	1.06	0	21.43	68	190.37	206.07	167.05	294	0.76	female	0.53	0.74	1.55
626	-15.6	-4.4	0.6	off	1.06	0	21.35	68	191.09	200.45	169.62	441	0.74	female	0.31	0.74	1.49
627	-19.2	-0.8	0.91	off	1.1	0	17.08	68	238.9	106.52	85.8	245.56	0.72	male	0.8	0.93	0.99
628	-16.5	-3.5	0.67	off	1.1	0	19.75	68	206.6	200.45	172.27	279.11	0.77	female	0.39	0.80	1.35
629	-15.2	-4.8	0.58	off	1.1	0	18.8	68	217.06	94.64	80.47	344.53	0.79	male	0.8	0.84	1.56
630	-17.4	-2.6	0.74	off	1.1	0	17.67	68	230.89	172.27	153.13	240.74	0.73	ambiguous	0.5	0.90	1.21
631	-18.7	-1.3	0.86	off	1.1	0	20.45	68	199.56	102.08	81.97	469.15	0.69	male	0.8	0.77	1.05
632	-17.1	-2.9	0.72	off	1	0	22.81	68	178.84	131.25	88.55	350	0.69	male	0.48	0.69	1.26
633	-19.3	-0.7	0.92	off	1.1	0	18.94	68	215.46	118.55	97.14	537.8	0.73	male	0.73	0.84	0.98
634	-16.4	-3.6	0.66	off	1.1	0	18.62	68	219.09	108.09	84.48	380.17	0.74	male	0.8	0.85	1.36
635	-17.4	-2.6	0.74	off	1.01	0	22.53	68	181.05	168.32	132.04	214.08	0.71	ambiguous	0.5	0.70	1.21
636	-16.7	-3.3	0.68	off	1.1	0	19.88	68	205.27	111.93	92.65	408.33	0.76	male	0.8	0.80	1.32
637	-16.2	-3.8	0.65	off	1.1	0	17.84	68	228.64	113.08	92.38	199.22	0.75	male	0.8	0.89	1.39
638	-15.6	-4.4	0.6	off	1	0	22.84	68	178.66	173.62	129.71	289.88	0.75	ambiguous	0.4	0.69	1.49
639	-17.7	-2.3	0.77	off	1.08	0	21.07	68	193.62	177.82	157.5	317.74	0.73	ambiguous	0.4	0.75	1.17
640	-16.7	-3.3	0.68	off	1.1	0	16.32	68	249.94	123.18	98.44	450	0.81	male	0.64	0.97	1.32
641	-16.4	-3.6	0.66	off	1.1	0	18.63	68	218.95	102.56	84.16	393.75	0.74	male	0.8	0.85	1.36
642	-16.4	-3.6	0.66	off	1.09	0	20.75	68	196.65	109.7	86.13	479.35	0.76	male	0.8	0.76	1.36
643	-18.5	-1.5	0.84	off	1.1	0	19.28	68	211.57	108.09	90.74	319.57	0.73	male	0.8	0.82	1.07
644	-15.3	-4.7	0.58	off	1.1	0	18.19	68	224.26	188.46	160.95	298.38	0.81	female	0.07	0.87	1.55
645	-17.3	-2.7	0.73	off	1.1	0	19.21	68	212.34	130.47	91.49	219.51	0.68	male	0.49	0.82	1.23
646	-17.9	-2.1	0.79	off	1.04	0	21.86	68	186.63	99.77	86.13	333.11	0.72	male	0.8	0.72	1.15
647	-16.6	-3.4	0.68	off	1.1	0	20.63	68	197.76	175	142.26	237.1	0.76	ambiguous	0.5	0.77	1.33
648	-17.2	-2.8	0.72	off	1.1	0	20.03	68	203.72	114.25	92.26	173.62	0.7	male	0.8	0.79	1.24
649	-16	-4	0.63	off	1.08	0	20.93	68	194.91	204.17	163.33	265.66	0.71	female	0.48	0.76	1.43
650	-14.8	-5.2	0.55	off	1.1	0	19.62	68	207.94	206.07	177.82	483.61	0.78	female	0.42	0.81	1.64
651	-15.9	-4.1	0.62	off	1	0	23.87	68	170.93	182.23	152.07	253.45	0.74	ambiguous	0.5	0.66	1.44
652	-15.5	-4.5	0.6	off	1.1	0	19.55	68	208.68	193.42	167.05	329.1	0.77	female	0.17	0.81	1.51
653	-15.9	-4.1	0.62	off	1	0	25.33	68	161.05	123.18	98.44	490	0.73	male	0.64	0.63	1.44
654	-16.3	-3.7	0.65	off	1.1	0	19.99	68	204.08	165.79	119.19	237.1	0.75	ambiguous	0.4	0.79	1.38
655	-17.4	-2.6	0.74	off	1.1	0	17.19	68	237.29	132.83	108.09	408.33	0.73	male	0.44	0.92	1.21
656	-15.8	-4.2	0.62	off	1	0	23.49	68	173.71	227.32	183.75	343.47	0.78	female	0.8	0.67	1.46
657	-15.7	-4.3	0.61	off	1.05	0	21.52	68	189.55	188.46	164.55	237.1	0.78	female	0.09	0.74	1.48
658	-14.4	-5.6	0.52	off	1.1	0	19.2	68	212.47	196.88	173.62	250.57	0.77	female	0.3	0.83	1.71
659	-17.1	-2.9	0.72	off	1.09	0	20.89	68	195.34	121.82	98.44	479.35	0.71	male	0.66	0.76	1.26
660	-16.8	-3.2	0.69	off	1.1	0	18.22	68	223.98	114.84	89.63	416.04	0.78	male	0.8	0.87	1.3
661	-16.9	-3.1	0.7	off	1	0	23.21	68	175.8	212.02	173.62	268.9	0.76	female	0.68	0.68	1.29
662	-17.7	-2.3	0.77	off	1.1	0	18.92	68	215.6	106.01	84.81	490	0.72	male	0.8	0.84	1.17
663	-17.4	-2.6	0.74	off	1.1	0	17.61	68	231.66	121.15	91.57	169.36	0.74	male	0.68	0.90	1.21
664	-15	-5	0.56	off	1.09	0	20.76	68	196.54	247.75	200.45	297.97	0.78	female	1	0.76	1.6
665	-16.3	-3.7	0.65	off	1.1	0	18.31	68	222.84	176.4	140.45	380.84	0.79	ambiguous	0.4	0.87	1.38
666	-18.8	-1.2	0.87	off	1.05	0	21.52	68	189.55	113.08	95.45	459.38	0.72	male	0.8	0.74	1.03
667	-16.8	-3.2	0.69	off	1.1	0	18.97	68	215.07	182.23	162.13	490	0.79	ambiguous	0.4	0.84	1.3
668	-16.4	-3.6	0.66	off	1.1	0	17.84	68	228.64	142.26	107.56	188.46	0.72	male	0.32	0.89	1.36
669	-17.1	-2.9	0.72	off	1.1	0	19.49	68	209.3	101.61	84.81	151.34	0.7	male	1	0.81	1.26
670	-19	-1	0.89	off	1.1	0	18.25	68	223.55	125.28	100.23	212.02	0.78	male	0.59	0.87	1.01
671	-18.4	-1.6	0.83	off	1.05	0	21.65	68	188.43	117.91	91.12	233.59	0.69	male	0.74	0.73	1.08
672	-16.6	-3.4	0.68	off	1.01	0	22.36	68	182.46	177.82	137.81	262.5	0.76	ambiguous	0.4	0.71	1.33
673	-15.6	-4.4	0.6	off	1.09	0	20.86	68	195.56	137.81	110.25	408.33	0.81	male	0.34	0.76	1.49
674	-17	-3	0.71	off	1.1	0	18.95	68	215.33	148.99	124.58	206.07	0.74	male	0.15	0.84	1.27
675	-16.5	-3.5	0.67	off	1.1	0	20.02	68	203.84	225	180.74	275.63	0.77	female	1	0.79	1.35
676	-16.2	-3.8	0.65	off	1.1	0	18.05	68	225.99	183.75	159.78	363.28	0.78	ambiguous	0.4	0.88	1.39
677	-16.7	-3.3	0.68	off	1.1	0	19.32	68	211.19	122.16	94.64	264.45	0.77	male	0.66	0.82	1.32
678	-16.3	-3.7	0.65	off	1.02	0	22.18	68	183.99	123.88	94.64	313.23	0.75	male	0.62	0.71	1.38
679	-14.8	-5.2	0.55	off	1	0	22.87	68	178.39	218.32	177.82	469.15	0.79	female	0.67	0.69	1.64
680	-14.7	-5.3	0.54	off	1	0	25.27	68	161.42	118.87	94.64	380.29	0.74	male	0.72	0.63	1.66
681	-15	-5	0.56	off	1.1	0	19.71	68	206.96	222.73	185.29	459.38	0.79	female	0.75	0.80	1.6
682	-15.8	-4.2	0.62	off	1	0	23.59	68	172.94	173.62	141.35	297.97	0.75	ambiguous	0.4	0.67	1.46
683	-15.4	-4.6	0.59	off	1.1	0	19.14	68	213.11	162.13	132.04	193.42	0.74	ambiguous	0.5	0.83	1.53
684	-16.9	-3.1	0.7	off	1	0	24.47	68	166.71	122.5	95.45	441	0.77	male	0.65	0.65	1.29
685	-16.7	-3.3	0.68	off	1.07	0	21.28	68	191.72	121.82	94.23	207.26	0.71	male	0.66	0.74	1.32
686	-17.5	-2.5	0.75	off	1.1	0	16.09	68	253.55	105.5	84.81	316.9	0.74	male	0.8	0.98	1.2
687	-18.3	-1.7	0.82	off	1.07	0	21.26	68	191.93	94.64	83.84	432.35	0.74	male	0.8	0.75	1.09
688	-16.2	-3.8	0.65	off	1.1	0	19.21	68	212.34	126	107.04	351.31	0.76	male	0.58	0.82	1.39
689	-15.4	-4.6	0.59	off	1.1	0	19.75	68	206.6	144.12	117.29	408.33	0.76	male	0.22	0.80	1.53
690	-17.7	-2.3	0.77	off	1.07	0	21.2	68	192.45	132.83	113.08	400.91	0.79	male	0.44	0.75	1.17
691	-15.7	-4.3	0.61	off	1.1	0	20.4	68	200.01	173.62	140.45	400.91	0.76	ambiguous	0.4	0.78	1.48
692	-15.7	-4.3	0.61	off	1.1	0	18.95	68	215.33	193.42	165.79	328.14	0.72	female	0.17	0.84	1.48
693	-16.3	-3.7	0.65	off	1.08	0	20.99	68	194.37	245	198.65	339.23	0.75	female	1	0.75	1.38
694	-16.5	-3.5	0.67	off	1.1	0	19.63	68	207.82	188.46	156.38	265.66	0.78	female	0.09	0.81	1.35
695	-14.7	-5.3	0.54	off	1.09	0	20.79	68	196.22	212.02	170.93	450	0.8	female	0.54	0.76	1.66
696	-16.3	-3.7	0.65	off	1.09	0	20.72	68	196.88	162.13	129.71	200.45	0.73	ambiguous	0.5	0.76	1.38
697	-16.4	-3.6	0.66	off	1.09	0	20.72	68	196.88	132.83	117.29	441	0.76	male	0.44	0.76	1.36
698	-14.1	-5.9	0.51	off	1.05	0	21.5	68	189.75	225	193.42	268.9	0.82	female	1	0.74	1.78
699	-15	-5	0.56	off	1.1	0	19.76	68	206.48	239.67	198.65	297.97	0.78	female	1	0.80	1.6
700	-17.9	-2.1	0.79	off	1.1	0	19.71	68	206.96	107.04	86.13	282.69	0.74	male	0.8	0.80	1.15
701	-15.1	-4.9	0.57	off	1.04	0	21.73	68	187.73	230.9	180.74	340.82	0.79	female	0.8	0.73	1.58
702	-16.5	-3.5	0.67	off	1.1	0	20.63	68	197.76	234.57	200.45	275.63	0.75	female	1	0.77	1.35
703	-15.7	-4.3	0.61	off	1	0	23.41	68	174.32	177.82	142.26	232.11	0.72	ambiguous	0.5	0.68	1.48
704	-15.7	-4.3	0.61	off	1.1	0	20.25	68	201.5	111.93	88.55	455.62	0.74	male	0.8	0.78	1.48
705	-16.5	-3.5	0.67	off	1.1	0	17.69	68	230.59	135.28	111.93	512.79	0.77	male	0.39	0.90	1.35
706	-18.2	-1.8	0.81	off	1.1	0	19.53	68	208.93	103.52	86.47	501.14	0.8	male	0.8	0.81	1.11
707	-15.8	-4.2	0.62	off	1.04	0	21.87	68	186.53	220.5	175	279.11	0.78	female	0.89	0.72	1.46
708	-14.6	-5.4	0.54	off	1.1	0	19.86	68	205.39	214.08	180.74	259.41	0.79	female	0.73	0.80	1.68
709	-17.5	-2.5	0.75	off	1.1	0	19.26	68	211.83	138.68	107.04	193.42	0.7	male	0.33	0.82	1.2
710	-16.1	-3.9	0.64	off	1.1	0	20.65	68	197.54	193.42	164.55	469.15	0.73	female	0.17	0.77	1.41
711	-17	-3	0.71	off	1.1	0	19.62	68	207.94	168.32	128.2	226.86	0.74	ambiguous	0.5	0.81	1.27
712	-15.8	-4.2	0.62	off	1.1	0	20.14	68	202.55	188.46	163.33	250.57	0.76	female	0.09	0.79	1.46
713	-15.8	-4.2	0.62	off	1.09	0	20.83	68	195.89	147.99	108.62	210	0.76	male	0.14	0.76	1.46
714	-17.2	-2.8	0.72	off	1.1	0	20.47	68	199.33	165.79	134.45	424.04	0.71	ambiguous	0.4	0.77	1.24
715	-17.3	-2.7	0.73	off	1.1	0	20.13	68	202.67	98	81.67	490	0.74	male	0.8	0.79	1.23
716	-14.7	-5.3	0.54	off	1.05	0	21.56	68	189.24	126.72	104.55	349.45	0.77	male	0.57	0.73	1.66
717	-16.4	-3.6	0.66	off	1.1	0	19.56	68	208.56	180.74	158.63	271.97	0.79	ambiguous	0.5	0.81	1.36
718	-15.3	-4.7	0.58	off	1.1	0	20.56	68	198.43	127.46	105.86	182.69	0.74	male	0.69	0.77	1.55
719	-15.7	-4.3	0.61	off	1.1	0	18.95	68	215.33	214.08	183.75	469.15	0.8	female	0.58	0.84	1.48
720	-19.5	-0.5	0.94	off	1.1	0	20.18	68	202.2	104.01	85.14	172.27	0.71	male	0.8	0.79	0.95
721	-17.1	-2.9	0.72	off	1.02	0	22.21	68	183.7	151.03	117.91	185.29	0.7	male	0.1	0.71	1.26
722	-17	-3	0.71	off	1.1	0	17.09	68	238.74	130.47	97.65	182.23	0.73	male	0.49	0.93	1.27
723	-16.1	-3.9	0.64	off	1.1	0	18.26	68	223.41	214.08	180.74	256.4	0.77	female	0.73	0.87	1.41
724	-16.6	-3.4	0.68	off	1.1	0	17.3	68	235.85	112.5	88.91	400.91	0.76	male	0.8	0.92	1.33
725	-15.3	-4.7	0.58	off	1.04	0	21.84	68	186.83	131.25	100.68	363.28	0.76	male	0.48	0.73	1.55
726	-15.1	-4.9	0.57	off	1.1	0	19.14	68	213.11	165.79	131.25	216.18	0.78	ambiguous	0.5	0.83	1.58
727	-15.3	-4.7	0.58	off	1.05	0	21.68	68	188.23	210	172.27	265.66	0.8	female	0.63	0.73	1.55
728	-18.7	-1.3	0.86	off	1.1	0	19.02	68	214.54	147.99	117.91	459.38	0.72	male	0.14	0.83	1.05
729	-15.6	-4.4	0.6	off	1.1	0	18.43	68	221.44	127.46	102.08	293.35	0.74	male	0.55	0.86	1.49
730	-16.4	-3.6	0.66	off	1.03	0	21.92	68	186.13	115.45	87.85	408.33	0.75	male	0.79	0.72	1.36
731	-15.4	-4.6	0.59	off	1.1	0	19.14	68	213.11	245	204.17	306.25	0.77	female	1	0.83	1.53
732	-15.5	-4.5	0.6	off	1.1	0	20.19	68	202.08	182.23	151.03	287.16	0.77	ambiguous	0.4	0.78	1.51
733	-14.8	-5.2	0.55	off	1	0	22.59	68	180.59	193.42	167.05	275.63	0.78	female	0.21	0.70	1.64
734	-15	-5	0.56	off	1.01	0	22.44	68	181.8	136.11	113.66	483.61	0.79	male	0.38	0.71	1.6
735	-16	-4	0.63	off	1.1	0	16.2	68	251.92	108.09	89.27	501.14	0.74	male	0.8	0.98	1.43
736	-18.7	-1.3	0.86	off	1.08	0	20.91	68	195.13	107.56	87.85	551.25	0.74	male	0.8	0.76	1.05
737	-14.6	-5.4	0.54	off	1	0	23.7	68	172.18	250.57	212.02	310.56	0.77	female	1	0.67	1.68
738	-17.5	-2.5	0.75	off	1.1	0	19.25	68	211.96	104.01	86.13	501.14	0.72	male	0.8	0.82	1.2
739	-15.7	-4.3	0.61	off	1.1	0	19.05	68	214.15	114.25	97.57	490	0.79	male	0.8	0.83	1.48
740	-17	-3	0.71	off	1.08	0	20.91	68	195.13	124.58	96.29	459.38	0.81	male	0.61	0.76	1.27
741	-15.2	-4.8	0.58	off	1.01	0	22.45	68	181.71	190.09	158.63	339.23	0.77	female	0.1	0.71	1.56
742	-16.9	-3.1	0.7	off	1.02	0	22.31	68	182.84	108.09	84.48	408.33	0.75	male	0.8	0.71	1.29
743	-15.7	-4.3	0.61	off	1.1	0	20.55	68	198.54	97.14	79.03	501.14	0.73	male	0.8	0.77	1.48
744	-16.3	-3.7	0.65	off	1.1	0	17.15	68	237.93	139.56	105.3	217.91	0.74	male	0.31	0.92	1.38
745	-14.8	-5.2	0.55	off	1	0	26.04	68	156.67	200.45	169.62	256.4	0.82	female	0.39	0.61	1.64
746	-15.9	-4.1	0.62	off	1.1	0	18.94	68	215.46	227.32	180.74	279.11	0.73	female	1	0.84	1.44
747	-16.6	-3.4	0.68	off	1.02	0	22.13	68	184.38	155.28	121.82	353.5	0.77	ambiguous	0.4	0.72	1.33
748	-14.9	-5.1	0.56	off	1	0	25.73	68	158.58	186.86	155.61	265.66	0.78	female	0.05	0.62	1.62
749	-15.9	-4.1	0.62	off	1.08	0	21.06	68	193.73	134.45	118.55	170.93	0.8	male	0.51	0.75	1.44
750	-16.9	-3.1	0.7	off	1.01	0	22.38	68	182.27	117.29	90.74	428.2	0.74	male	0.75	0.71	1.29
751	-15.7	-4.3	0.61	off	1.1	0	19.49	68	209.3	114.84	87.78	501.14	0.73	male	0.8	0.81	1.48
752	-17.5	-2.5	0.75	off	1.1	0	18.74	68	217.73	110.25	86.13	459.38	0.74	male	0.8	0.85	1.2
753	-16.6	-3.4	0.68	off	1.1	0	18.53	68	220.19	129.71	100.68	346.75	0.71	male	0.51	0.86	1.33
754	-14.7	-5.3	0.54	off	1.1	0	18.77	68	217.33	218.32	183.75	290.13	0.8	female	0.83	0.84	1.66
755	-16.2	-3.8	0.65	off	1.1	0	19.5	68	209.18	204.17	164.55	262.5	0.76	female	0.48	0.81	1.39
756	-15.1	-4.9	0.57	off	1	0	24.97	68	163.38	169.62	112.5	250.29	0.75	ambiguous	0.4	0.63	1.58
757	-15.3	-4.7	0.58	off	1	0	24.56	68	166.16	220.5	179.27	275.63	0.76	female	0.89	0.65	1.55
758	-16.1	-3.9	0.64	off	1.08	0	20.92	68	195.02	128.95	97.14	184.72	0.73	male	0.52	0.76	1.41
759	-14.1	-5.9	0.51	off	1.08	0	21.01	68	194.16	188.46	164.55	357.39	0.76	female	0.07	0.75	1.78
760	-16.1	-3.9	0.64	off	1.1	0	18.29	68	223.13	111.93	90.74	469.15	0.72	male	0.8	0.87	1.41
761	-14.1	-5.9	0.51	off	1.1	0	18.34	68	222.42	227.32	186.86	275.63	0.81	female	1	0.86	1.78
762	-18.4	-1.6	0.83	off	1.1	0	19.74	68	206.72	130.47	107.56	285.26	0.73	male	0.49	0.80	1.08
763	-17.3	-2.7	0.73	off	1.1	0	19.78	68	206.23	118.55	91.49	177.82	0.72	male	0.73	0.80	1.23
764	-17.2	-2.8	0.72	off	1.05	0	21.57	68	189.14	198.65	167.05	270.89	0.74	female	0.34	0.73	1.24
765	-14.5	-5.5	0.53	off	1.1	0	18.76	68	217.46	227.32	185.29	324.26	0.82	female	1	0.84	1.7
766	-15.3	-4.7	0.58	off	1.1	0	17.4	68	234.44	188.46	168.32	250.57	0.8	female	0.09	0.91	1.55
767	-15.1	-4.9	0.57	off	1.09	0	20.74	68	196.76	116.05	95.45	490	0.76	male	0.78	0.76	1.58
768	-16.6	-3.4	0.68	off	1.1	0	17.89	68	228.05	183.75	157.5	247.75	0.76	ambiguous	0.5	0.89	1.33
769	-16.5	-3.5	0.67	off	1	0	22.95	68	177.76	108.62	89.82	397.33	0.74	male	0.8	0.69	1.35
770	-17.4	-2.6	0.74	off	1.07	0	21.28	68	191.72	119.84	96.71	501.14	0.75	male	0.7	0.74	1.21
771	-15.2	-4.8	0.58	off	1.1	0	18.3	68	222.98	237.1	188.46	329.1	0.79	female	1	0.87	1.56
772	-18.2	-1.8	0.81	off	1.06	0	21.32	68	191.41	119.84	104.01	459.38	0.78	male	0.7	0.74	1.11
773	-15.6	-4.4	0.6	off	1.1	0	20.32	68	200.81	202.29	165.79	275.63	0.74	female	0.43	0.78	1.49
774	-14.8	-5.2	0.55	off	1.1	0	20.35	68	200.47	167.05	136.53	294.21	0.77	ambiguous	0.4	0.78	1.64
775	-15.4	-4.6	0.59	off	1.1	0	20.26	68	201.39	204.17	167.05	367.5	0.8	female	0.38	0.78	1.53
776	-17.5	-2.5	0.75	off	1.1	0	17.8	68	229.24	128.95	99.01	447.3	0.75	male	0.52	0.89	1.2
777	-13.7	-6.3	0.48	off	1	0	24.06	68	169.61	182.23	154.2	265.66	0.78	ambiguous	0.5	0.66	1.86
778	-17.3	-2.7	0.73	off	1.1	0	19.41	68	210.18	105	82.89	490	0.71	male	0.8	0.82	1.23
779	-16.4	-3.6	0.66	off	1.1	0	16.35	68	249.59	133.64	114.25	479.35	0.82	male	0.43	0.97	1.36
780	-16.4	-3.6	0.66	off	1.1	0	17.68	68	230.74	193.42	168.32	306.49	0.79	female	0.17	0.90	1.36
781	-17	-3	0.71	off	1.1	0	19.38	68	210.56	108.09	84.81	367.5	0.77	male	0.8	0.82	1.27
782	-16.2	-3.8	0.65	off	1.09	0	20.83	68	195.89	158.63	115.45	204.17	0.72	ambiguous	0.5	0.76	1.39
783	-15.8	-4.2	0.62	off	1	0	26.01	68	156.88	180.74	144.12	250.57	0.76	ambiguous	0.5	0.61	1.46
784	-18.5	-1.5	0.84	off	1.09	0	20.86	68	195.56	121.15	90.74	447.3	0.73	male	0.68	0.76	1.07
785	-14.8	-5.2	0.55	off	1.1	0	19.02	68	214.54	247.75	186.86	339.23	0.77	female	0.8	0.83	1.64
786	-16.6	-3.4	0.68	off	1.1	0	16.95	68	240.7	186.86	162.61	247.75	0.74	female	0.05	0.93	1.33
787	-17.3	-2.7	0.73	off	1.1	0	16.8	68	242.86	119.19	103.04	376.31	0.8	male	0.72	0.94	1.23
788	-16.4	-3.6	0.66	off	1.1	0	17.87	68	228.34	119.19	101.61	490	0.74	male	0.72	0.89	1.36
789	-15.4	-4.6	0.59	off	1.1	0	20.34	68	200.58	127.46	102.08	168.58	0.76	male	0.69	0.78	1.53
790	-15.4	-4.6	0.59	off	1	0	26.16	68	155.98	202.29	172.27	262.82	0.76	female	0.43	0.61	1.53
791	-14.3	-5.7	0.52	off	1.09	0	20.83	68	195.89	165.79	129.71	214.08	0.83	ambiguous	0.5	0.76	1.73
792	-15.8	-4.2	0.62	off	1.1	0	19.04	68	214.28	130.47	105	416.04	0.74	male	0.49	0.83	1.46
793	-17.4	-2.6	0.74	off	1.07	0	21.18	68	192.67	128.2	101.61	441	0.77	male	0.54	0.75	1.21
794	-14.5	-5.5	0.53	off	1.1	0	19.05	68	214.15	218.32	180.74	286.36	0.74	female	0.83	0.83	1.7
795	-16.6	-3.4	0.68	off	1.1	0	19.6	68	208.19	130.47	104.5	177.82	0.75	male	0.61	0.81	1.33
796	-14.9	-5.1	0.56	off	1.1	0	18.49	68	220.6	234.57	179.27	490	0.78	female	0.8	0.86	1.62
797	-19.5	-0.5	0.94	off	1.1	0	19.19	68	212.6	93.83	80.18	537.8	0.74	male	0.8	0.83	0.95
798	-15.5	-4.5	0.6	off	1.1	0	17.44	68	233.97	176.4	155.28	415.27	0.78	ambiguous	0.4	0.91	1.51
799	-16.4	-3.6	0.66	off	1	0	24.65	68	165.53	145.07	106.52	408.33	0.81	male	0.2	0.64	1.36
800	-19.4	-0.6	0.93	off	1.1	0	19.11	68	213.5	94.23	82.28	459.38	0.64	male	0.8	0.83	0.96
801	-15.3	-4.7	0.58	off	1.09	0	20.74	68	196.76	114.25	86.57	476.29	0.75	male	0.8	0.76	1.55
802	-15.9	-4.1	0.62	off	1.1	0	18.51	68	220.47	129.71	106.01	344.53	0.76	male	0.51	0.86	1.44
803	-16.5	-3.5	0.67	off	1.03	0	22.07	68	184.86	118.55	93.04	459.38	0.79	male	0.73	0.72	1.35
804	-18.9	-1.1	0.88	off	1.1	0	18.54	68	220.05	120.49	97.57	408.33	0.74	male	0.69	0.85	1.02
805	-16.9	-3.1	0.7	off	1.1	0	19.12	68	213.37	88.55	78.47	551.25	0.67	male	0.8	0.83	1.29
806	-19.3	-0.7	0.92	off	1.1	0	17.52	68	232.88	93.04	82.12	454.69	0.73	male	0.8	0.90	0.98
807	-13.9	-6.1	0.5	off	1.1	0	20.18	68	202.2	239.67	196.88	297.97	0.77	female	1	0.79	1.82
808	-17.2	-2.8	0.72	off	1.06	0	21.35	68	191.09	113.08	86.47	408.33	0.71	male	0.8	0.74	1.24
809	-17	-3	0.71	off	1.1	0	18.51	68	220.47	118.55	97.91	450	0.79	male	0.73	0.86	1.27
810	-15.4	-4.6	0.59	off	1.1	0	17.79	68	229.39	182.23	150.62	240.73	0.78	ambiguous	0.5	0.89	1.53
811	-16.1	-3.9	0.64	off	1	0	26.2	68	155.7	100.68	83.52	469.15	0.76	male	0.8	0.60	1.41
812	-16.5	-3.5	0.67	off	1.1	0	19.68	68	207.33	138.25	105.55	488.93	0.8	male	0.34	0.81	1.35
813	-17.5	-2.5	0.75	off	1.1	0	19.48	68	209.43	114.25	93.83	171.06	0.72	male	0.8	0.81	1.2
814	-16.7	-3.3	0.68	off	1.1	0	20.6	68	198.1	125.28	92.65	501.14	0.78	male	0.59	0.77	1.32
815	-15.9	-4.1	0.62	off	1.1	0	20.32	68	200.81	196.88	170.93	450	0.74	female	0.24	0.78	1.44
816	-15.5	-4.5	0.6	off	1.1	0	19.16	68	212.98	145.07	121.82	501.14	0.77	male	0.2	0.83	1.51
817	-16	-4	0.63	off	1.1	0	15.34	68	266.03	153.13	128.95	450	0.79	male	0.04	1.03	1.43
818	-17.2	-2.8	0.72	off	1.1	0	19.38	68	210.56	113.66	93.43	367.5	0.74	male	0.8	0.82	1.24
819	-16	-4	0.63	off	1.1	0	18.48	68	220.74	210	167.05	408.33	0.71	female	0.5	0.86	1.43
820	-15.3	-4.7	0.58	off	1	0	24.52	68	166.39	216.18	169.62	350.56	0.79	female	0.62	0.65	1.55
821	-17.9	-2.1	0.79	off	1.1	0	17.88	68	228.2	126.72	105	180.74	0.7	male	0.71	0.89	1.15
822	-15.9	-4.1	0.62	off	1.01	0	22.34	68	182.65	110.8	90	479.35	0.8	male	0.8	0.71	1.44
823	-15.7	-4.3	0.61	off	1.1	0	20.17	68	202.32	210	168.32	485.74	0.79	female	0.5	0.79	1.48
824	-18	-2	0.79	off	1.1	0	19.8	68	206.11	116.05	94.64	155.39	0.71	male	0.97	0.80	1.13
825	-16.9	-3.1	0.7	off	1.05	0	21.55	68	189.34	129.71	103.04	326.84	0.78	male	0.51	0.74	1.29
826	-16.2	-3.8	0.65	off	1.1	0	17.75	68	229.84	124.58	93.83	441	0.79	male	0.61	0.89	1.39
827	-15	-5	0.56	off	1.1	0	19.69	68	207.21	132.04	102.37	483.61	0.76	male	0.46	0.80	1.6
828	-15.1	-4.9	0.57	off	1.1	0	19.26	68	211.83	142.26	113.66	193.42	0.77	male	0.32	0.82	1.58
829	-18	-2	0.79	off	1.1	0	18.82	68	216.79	108.62	87.26	350	0.7	male	0.8	0.84	1.13
830	-17	-3	0.71	off	1.09	0	20.87	68	195.45	200.45	169.62	306.25	0.78	female	0.31	0.76	1.27
831	-18.3	-1.7	0.82	off	1.1	0	18.68	68	218.41	103.04	86.13	408.33	0.77	male	0.8	0.85	1.09
832	-15.2	-4.8	0.58	off	1.1	0	20.14	68	202.55	218.32	182.08	310.56	0.79	female	0.83	0.79	1.56
833	-15.1	-4.9	0.57	off	1.08	0	21.05	68	193.83	212.02	180.74	450	0.75	female	0.54	0.75	1.58
834	-16.1	-3.9	0.64	off	1	0	26.7	68	152.79	129.71	90.37	190.09	0.72	male	0.51	0.59	1.41
835	-17.1	-2.9	0.72	off	1.1	0	18.37	68	222.14	212.02	179.27	430.72	0.75	female	0.54	0.86	1.26
836	-15.2	-4.8	0.58	off	1.1	0	19.14	68	213.11	129.71	109.16	243.94	0.77	male	0.51	0.83	1.56
837	-15.8	-4.2	0.62	off	1.07	0	21.28	68	191.72	216.18	173.62	294	0.77	female	0.78	0.74	1.46
838	-15.1	-4.9	0.57	off	1.03	0	22.06	68	184.96	109.16	86.47	469.15	0.75	male	0.8	0.72	1.58
839	-17.5	-2.5	0.75	off	1.1	0	17.89	68	228.05	114.25	95.04	247.75	0.76	male	0.8	0.89	1.2
840	-13.8	-6.2	0.49	off	1	0	26.31	68	155.08	222.73	179.27	275.63	0.78	female	0.94	0.60	1.84
841	-16.1	-3.9	0.64	off	1.1	0	18.51	68	220.47	98	81.94	501.14	0.72	male	0.8	0.86	1.41
842	-16	-4	0.63	off	1.1	0	19.5	68	209.18	110.25	92.26	501.14	0.72	male	0.8	0.81	1.43
843	-16.7	-3.3	0.68	off	1.1	0	19.04	68	214.28	127.46	96.29	337.17	0.74	male	0.55	0.83	1.32
844	-17.3	-2.7	0.73	off	1.1	0	18.2	68	224.12	123.88	93.43	278.32	0.71	male	0.62	0.87	1.23
845	-17.3	-2.7	0.73	off	1.1	0	20.51	68	198.88	160.95	128.2	373.73	0.73	ambiguous	0.4	0.77	1.23
846	-16.9	-3.1	0.7	off	1.1	0	17.11	68	238.41	108.62	87.5	501.14	0.75	male	0.8	0.93	1.29
847	-15.6	-4.4	0.6	off	1.1	0	18.52	68	220.33	106.01	85.14	490	0.78	male	0.8	0.86	1.49
848	-16	-4	0.63	off	1.1	0	18.18	68	224.41	120.49	97.57	432.35	0.76	male	0.69	0.87	1.43
849	-14.3	-5.7	0.52	off	1.09	0	20.81	68	196.11	218.32	180.74	275.63	0.77	female	0.83	0.76	1.73
850	-15.2	-4.8	0.58	off	1.1	0	18.38	68	222	225	190.09	275.63	0.79	female	1	0.86	1.56
851	-17.7	-2.3	0.77	off	1.1	0	17.84	68	228.64	111.93	92.65	432.35	0.77	male	0.8	0.89	1.17
852	-17	-3	0.71	off	1.1	0	18.76	68	217.46	146.03	117.91	459.38	0.78	male	0.18	0.84	1.27
853	-16.7	-3.3	0.68	off	1.1	0	18.45	68	221.16	214.08	168.32	329.1	0.75	female	0.58	0.86	1.32
854	-17.6	-2.4	0.76	off	1.07	0	21.28	68	191.72	106.52	86.13	501.14	0.76	male	0.8	0.74	1.19
855	-15.8	-4.2	0.62	off	1.1	0	18.68	68	218.41	118.55	92.65	479.35	0.74	male	0.73	0.85	1.46
856	-18.1	-1.9	0.8	off	1.1	0	19.24	68	212.08	115.45	92.26	400.91	0.71	male	0.79	0.82	1.12
857	-17.6	-2.4	0.76	off	1.1	0	19.85	68	205.51	135.28	117.23	441	0.78	male	0.39	0.80	1.19
858	-16.1	-3.9	0.64	off	1.1	0	18.65	68	218.82	113.08	90.74	501.14	0.76	male	0.8	0.85	1.41
859	-17.2	-2.8	0.72	off	1.07	0	21.11	68	193.3	101.61	85.14	490	0.69	male	0.8	0.75	1.24
860	-15.5	-4.5	0.6	off	1	0	23.24	68	175.54	179.27	154.2	306.25	0.75	ambiguous	0.4	0.68	1.51
861	-17.8	-2.2	0.78	off	1.1	0	18.2	68	224.12	128.2	105.5	441	0.78	male	0.54	0.87	1.16
862	-15.8	-4.2	0.62	off	1	0	23.38	68	174.49	180.74	145.07	260.65	0.76	ambiguous	0.5	0.68	1.46
863	-18.9	-1.1	0.88	off	1.1	0	16.29	68	250.48	99.32	83.52	354.52	0.74	male	0.8	0.97	1.02
864	-15.5	-4.5	0.6	off	1.08	0	20.94	68	194.8	200.45	168.32	259.41	0.74	female	0.39	0.76	1.51
865	-16.4	-3.6	0.66	off	1.1	0	17.43	68	234.13	170.93	143.18	400.91	0.74	ambiguous	0.4	0.91	1.36
866	-15.6	-4.4	0.6	off	1.02	0	22.2	68	183.8	165.79	123.18	436.68	0.77	ambiguous	0.4	0.71	1.49
867	-15.8	-4.2	0.62	off	1.08	0	21.08	68	193.51	121.82	97.14	512.79	0.78	male	0.66	0.75	1.46
868	-16.5	-3.5	0.67	off	1.1	0	17.29	68	236.01	106.01	86.47	501.14	0.75	male	0.8	0.92	1.35
869	-15.1	-4.9	0.57	off	1.08	0	21.07	68	193.62	222.73	182.23	383.51	0.76	female	0.75	0.75	1.58
870	-17.3	-2.7	0.73	off	1.03	0	22.02	68	185.25	106.52	86.13	303.03	0.77	male	0.8	0.72	1.23
871	-14.6	-5.4	0.54	off	1.1	0	18.46	68	221.02	167.05	130.47	216.18	0.76	ambiguous	0.5	0.86	1.68
872	-16	-4	0.63	off	1	0	23.44	68	174.06	180.74	152.07	450	0.73	ambiguous	0.4	0.68	1.43
873	-14.9	-5.1	0.56	off	1.1	0	18.8	68	217.06	173.62	144.12	306.31	0.75	ambiguous	0.4	0.84	1.62
874	-15.5	-4.5	0.6	off	1.08	0	21.05	68	193.83	179.27	150	459.38	0.75	ambiguous	0.4	0.75	1.51
875	-15.2	-4.8	0.58	off	1.09	0	20.77	68	196.43	216.18	182.23	274.94	0.78	female	0.78	0.76	1.56
876	-16.5	-3.5	0.67	off	1.1	0	17.97	68	227.02	126	98.88	408.33	0.74	male	0.58	0.88	1.35
877	-15.7	-4.3	0.61	off	1.1	0	19.54	68	208.81	200.45	172.27	432.35	0.74	female	0.31	0.81	1.48
878	-15.2	-4.8	0.58	off	1.1	0	18.72	68	218	126	92.26	424.04	0.78	male	0.58	0.85	1.56
879	-18.2	-1.8	0.81	off	1.1	0	16.65	68	245.06	130.47	102.56	432.35	0.74	male	0.49	0.95	1.11
880	-15.9	-4.1	0.62	off	1.1	0	18.24	68	223.69	193.42	165.79	365.69	0.77	female	0.17	0.87	1.44
881	-15.8	-4.2	0.62	off	1.1	0	20.39	68	200.13	180.74	152.07	273.58	0.73	ambiguous	0.5	0.78	1.46
882	-17.1	-2.9	0.72	off	1.1	0	19.55	68	208.68	113.08	91.88	369.99	0.7	male	0.8	0.81	1.26
883	-17.9	-2.1	0.79	off	1.1	0	17.21	68	237.13	127.46	100.23	412.19	0.75	male	0.55	0.92	1.15
884	-17.2	-2.8	0.72	off	1.1	0	19.69	68	207.21	131.25	111.93	417.67	0.76	male	0.48	0.80	1.24
885	-16.7	-3.3	0.68	off	1.1	0	17.32	68	235.54	147.99	111.36	319.57	0.77	male	0.14	0.91	1.32
886	-15.5	-4.5	0.6	off	1.06	0	21.44	68	190.27	198.65	164.55	408.33	0.79	female	0.27	0.74	1.51
887	-16.5	-3.5	0.67	off	1.1	0	19.26	68	211.83	193.42	164.55	256.4	0.77	female	0.21	0.82	1.35
888	-16.6	-3.4	0.68	off	1.1	0	20.41	68	199.9	135.28	101.61	434.08	0.75	male	0.39	0.78	1.33
889	-16.6	-3.4	0.68	off	1.1	0	18.81	68	216.93	128.95	100.23	234.55	0.73	male	0.52	0.84	1.33
890	-16.8	-3.2	0.69	off	1.1	0	19.38	68	210.56	126	95.45	403.14	0.68	male	0.58	0.82	1.3
891	-16.2	-3.8	0.65	off	1.1	0	20.42	68	199.79	115.45	93.43	479.35	0.74	male	0.79	0.78	1.39
892	-17.7	-2.3	0.77	off	1.06	0	21.43	68	190.37	108.62	88.2	501.14	0.7	male	0.8	0.74	1.17
893	-17.7	-2.3	0.77	off	1.1	0	19.37	68	210.68	139.56	100.18	361.48	0.73	male	0.31	0.82	1.17
894	-15.8	-4.2	0.62	off	1.08	0	20.93	68	194.91	190.09	159.78	408.33	0.74	female	0.1	0.76	1.46
895	-16.6	-3.4	0.68	off	1.03	0	21.91	68	186.23	133.64	108.09	469.15	0.72	male	0.43	0.72	1.33
896	-18.2	-1.8	0.81	off	1.1	0	18.3	68	222.98	114.25	91.49	344.53	0.7	male	0.8	0.87	1.11
897	-16.4	-3.6	0.66	off	1.02	0	22.24	68	183.41	190.09	160.95	253.45	0.75	female	0.13	0.71	1.36
898	-17.6	-2.4	0.76	off	1.01	0	22.38	68	182.27	110.25	85.8	296.58	0.73	male	0.8	0.71	1.19
899	-17.2	-2.8	0.72	off	1.1	0	20.48	68	199.22	107.56	86.81	298.03	0.69	male	0.8	0.77	1.24
900	-16.7	-3.3	0.68	off	1.08	0	21.06	68	193.73	130.47	106.52	268.9	0.75	male	0.49	0.75	1.32
901	-15.7	-4.3	0.61	off	1.1	0	19.18	68	212.73	134.45	103.47	345.08	0.72	male	0.41	0.83	1.48
902	-16.2	-3.8	0.65	off	1.1	0	20.13	68	202.67	128.2	98	469.15	0.75	male	0.54	0.79	1.39
903	-16.3	-3.7	0.65	off	1.1	0	18.16	68	224.69	176.4	147.99	450	0.77	ambiguous	0.4	0.87	1.38
																	
	-16.26	-3.74	0.66	206.44													
